file,total_count,total_vol_m3,total_mass,missing_sizes,space_vol_m3,computed_fill_percent,flag
data_for_algoritm_11834.json,524,3.996163,6218460.753,0,91.63,4.361,LOW_FILL
data_for_algoritm_12729.json,33,0.99,198.0,0,91.63,1.08,LOW_FILL
data_for_algoritm_13579.json,17,25.296,6800.0,0,91.63,27.607,OK
data_for_algoritm_13580.json,61,1.768,860.0,0,91.63,1.929,LOW_FILL
data_for_algoritm_14208.json,33,50.688,23760.0,0,91.63,55.318,OK
data_for_algoritm_14457.json,1785,172.52375,25272.0,0,91.63,188.283,OK
data_for_algoritm_14770.json,18,27.33234,7344.0,0,91.63,29.829,OK
data_for_algoritm_14771.json,60,78.277063,24602.0,0,91.63,85.427,OK
data_for_algoritm_14772.json,18,27.33234,7344.0,0,91.63,29.829,OK
data_for_algoritm_14775.json,18,27.33234,7344.0,0,91.63,29.829,OK
data_for_algoritm_14781.json,500,0.7,250.0,0,91.63,0.764,LOW_FILL
data_for_algoritm_14784.json,61,1.768,860.0,0,91.63,1.929,LOW_FILL
data_for_algoritm_14786.json,505,6.57,1370.0,0,91.63,7.17,OK
data_for_algoritm_14787.json,505,6.57,1370.0,0,91.63,7.17,OK
data_for_algoritm_14793.json,2000,36.783,6000.0,0,91.63,40.143,OK
data_for_algoritm_14798.json,2000,36.783,6000.0,0,91.63,40.143,OK
data_for_algoritm_14803.json,59,6.804,792.0,0,91.63,7.426,OK
data_for_algoritm_14806.json,76,7.535136,996.0,0,91.63,8.223,OK
data_for_algoritm_14808.json,82,8.154336,1044.0,0,91.63,8.899,OK
data_for_algoritm_14809.json,82,8.154336,1044.0,0,91.63,8.899,OK
data_for_algoritm_14810.json,82,8.154336,1044.0,0,91.63,8.899,OK
data_for_algoritm_14811.json,82,8.154336,1044.0,0,91.63,8.899,OK
data_for_algoritm_14836.json,95,9.495936,1148.0,0,91.63,10.363,OK
data_for_algoritm_14860.json,135,26.989875,3815.0,0,91.63,29.455,OK
data_for_algoritm_14864.json,26,24.576,21600.0,0,91.63,26.821,OK
data_for_algoritm_14870.json,26,24.576,21600.0,0,91.63,26.821,OK
data_for_algoritm_14905.json,505,6.57,1370.0,0,91.63,7.17,OK
data_for_algoritm_14933.json,26,24.576,21600.0,0,91.63,26.821,OK
data_for_algoritm_14941.json,170,21.520978,3321.4,0,91.63,23.487,OK
data_for_algoritm_14942.json,170,21.520978,3321.4,0,91.63,23.487,OK
data_for_algoritm_14946.json,12,1.44,180.0,0,91.63,1.572,LOW_FILL
data_for_algoritm_14947.json,27,4.93186,613.6,0,91.63,5.382,OK
data_for_algoritm_14948.json,19,2.049484,344.8,0,91.63,2.237,LOW_FILL
data_for_algoritm_14949.json,19,2.049484,344.8,0,91.63,2.237,LOW_FILL
data_for_algoritm_14950.json,4,11.04,1400.0,0,91.63,12.048,OK
data_for_algoritm_14951.json,8,11.6544,2200.0,0,91.63,12.719,OK
data_for_algoritm_14952.json,8,17.184,2200.0,0,91.63,18.754,OK
data_for_algoritm_14955.json,21,44.716,24400.0,0,91.63,48.801,OK
data_for_algoritm_14957.json,21,44.716,24400.0,0,91.63,48.801,OK
data_for_algoritm_14974.json,50,31.499925,14991.0,0,91.63,34.377,OK
data_for_algoritm_14975.json,43,16.81794,7765.0,0,91.63,18.354,OK
data_for_algoritm_14993.json,1145,198.85152,23400.0,0,91.63,217.016,OK
data_for_algoritm_15024.json,24,31.199723,7930.0,0,91.63,34.05,OK
data_for_algoritm_15044.json,25,31.681358,6230.0,0,91.63,34.575,OK
data_for_algoritm_15045.json,25,31.681358,6230.0,0,91.63,34.575,OK
data_for_algoritm_15046.json,25,31.681358,6230.0,0,91.63,34.575,OK
data_for_algoritm_15073.json,9,14.001736,4397.0,0,91.63,15.281,OK
data_for_algoritm_15077.json,35,3.742452,1148.0,0,91.63,4.084,LOW_FILL
data_for_algoritm_15078.json,10,1.069272,328.0,0,91.63,1.167,LOW_FILL
data_for_algoritm_15079.json,35,3.742452,1148.0,0,91.63,4.084,LOW_FILL
data_for_algoritm_15080.json,35,3.742452,1148.0,0,91.63,4.084,LOW_FILL
data_for_algoritm_15082.json,35,3.742452,1148.0,0,91.63,4.084,LOW_FILL
data_for_algoritm_15083.json,355,8.760496,2747.0,0,91.63,9.561,OK
data_for_algoritm_15129.json,10,0.1581,100.0,0,91.63,0.173,LOW_FILL
data_for_algoritm_15134.json,40,0.2976,400.0,0,91.63,0.325,LOW_FILL
data_for_algoritm_15135.json,60,0.00624,0.9,0,91.63,0.007,LOW_FILL
data_for_algoritm_15140.json,40,0.2976,400.0,0,91.63,0.325,LOW_FILL
data_for_algoritm_15159.json,151,2.207794,151.0,0,91.63,2.409,LOW_FILL
data_for_algoritm_15160.json,151,2.207794,151.0,0,91.63,2.409,LOW_FILL
data_for_algoritm_15161.json,35,516.521201,68390.0,0,91.63,563.703,OK
data_for_algoritm_15173.json,35,516.521201,68390.0,0,91.63,563.703,OK
data_for_algoritm_15174.json,35,516.521201,68483.0,0,91.63,563.703,OK
data_for_algoritm_15183.json,300,9.0,6210.0,0,91.63,9.822,OK
data_for_algoritm_15186.json,1200,36.0,24840.0,0,91.63,39.288,OK
data_for_algoritm_15190.json,1500,45.0,31050.0,0,91.63,49.111,OK
data_for_algoritm_15198.json,17,90.642122,17181.0,0,91.63,98.922,OK
data_for_algoritm_15211.json,25,47.498927,12798.0,0,91.63,51.838,OK
data_for_algoritm_15212.json,25,47.498927,12798.0,0,91.63,51.838,OK
data_for_algoritm_15215.json,1785,172.52375,25272.0,0,91.63,188.283,OK
data_for_algoritm_15216.json,524,3.996163,6218460.753,0,91.63,4.361,LOW_FILL
data_for_algoritm_15217.json,524,3.996163,6218460.753,0,91.63,4.361,LOW_FILL
data_for_algoritm_15234.json,44,13.280628,1120.0,0,91.63,14.494,OK
data_for_algoritm_15253.json,44,13.280628,1120.0,0,91.63,14.494,OK
data_for_algoritm_15254.json,44,13.280628,1120.0,0,91.63,14.494,OK
data_for_algoritm_15255.json,44,13.280628,1120.0,0,91.63,14.494,OK
data_for_algoritm_15275.json,50,30.317125,3187.0,0,91.63,33.086,OK
data_for_algoritm_15277.json,19,2.049484,344.8,0,91.63,2.237,LOW_FILL
data_for_algoritm_15297.json,44,13.280628,1120.0,0,91.63,14.494,OK
data_for_algoritm_15313.json,30,42.12,30000.0,0,91.63,45.967,OK
data_for_algoritm_15316.json,30,42.12,30000.0,0,91.63,45.967,OK
data_for_algoritm_15317.json,28,39.312,28000.0,0,91.63,42.903,OK
data_for_algoritm_15318.json,27,37.908,26460.0,0,91.63,41.371,OK
data_for_algoritm_15323.json,33,32.013553,5848.0,0,91.63,34.938,OK
data_for_algoritm_15324.json,33,32.013553,5848.0,0,91.63,34.938,OK
data_for_algoritm_15325.json,5,63.522,5320.0,0,91.63,69.324,OK
data_for_algoritm_15326.json,36,52.46,7280.0,0,91.63,57.252,OK
data_for_algoritm_15327.json,14,105.002,11070.0,0,91.63,114.593,OK
data_for_algoritm_15328.json,14,105.002,11070.0,0,91.63,114.593,OK
data_for_algoritm_15335.json,32,49.22,6880.0,0,91.63,53.716,OK
data_for_algoritm_15340.json,520,42.1,61400.0,0,91.63,45.946,OK
data_for_algoritm_15341.json,700,218.5,20000.0,0,91.63,238.459,OK
data_for_algoritm_15342.json,800,223.0,21200.0,0,91.63,243.37,OK
data_for_algoritm_15346.json,700,218.5,20000.0,0,91.63,238.459,OK
data_for_algoritm_15349.json,18,2.464313,286.8,0,91.63,2.689,LOW_FILL
data_for_algoritm_15355.json,28,70.364,4200.0,0,91.63,76.791,OK
data_for_algoritm_15361.json,136,17.636051,2574.6,0,91.63,19.247,OK
data_for_algoritm_15363.json,2,1.22688,96.0,0,91.63,1.339,LOW_FILL
data_for_algoritm_15364.json,2,1.22688,96.0,0,91.63,1.339,LOW_FILL
data_for_algoritm_15372.json,86,11.608054,1607.8,0,91.63,12.668,OK
data_for_algoritm_15374.json,32,49.22,6880.0,0,91.63,53.716,OK
data_for_algoritm_15380.json,18,2.464313,286.8,0,91.63,2.689,LOW_FILL
data_for_algoritm_15386.json,88,0.65472,880.0,0,91.63,0.715,LOW_FILL
data_for_algoritm_15388.json,18,2.464313,286.8,0,91.63,2.689,LOW_FILL
data_for_algoritm_15389.json,18,2.464313,286.8,0,91.63,2.689,LOW_FILL
data_for_algoritm_15391.json,18,2.464313,286.8,0,91.63,2.689,LOW_FILL
data_for_algoritm_15398.json,14,26.16,2220.0,0,91.63,28.55,OK
data_for_algoritm_15399.json,14,36.96,2220.0,0,91.63,40.336,OK
data_for_algoritm_15400.json,26,44.88575,6660.0,0,91.63,48.986,OK
data_for_algoritm_15402.json,92,1.440875,297.215,0,91.63,1.572,LOW_FILL
data_for_algoritm_15403.json,92,1.440875,297.215,0,91.63,1.572,LOW_FILL
data_for_algoritm_15404.json,92,1.440875,297.215,0,91.63,1.572,LOW_FILL
data_for_algoritm_15405.json,92,1.440875,297.215,0,91.63,1.572,LOW_FILL
data_for_algoritm_15406.json,92,1.440875,297.215,0,91.63,1.572,LOW_FILL
data_for_algoritm_15407.json,78,10.7406,936.0,0,91.63,11.722,OK
data_for_algoritm_15408.json,172,39.0816,12744.0,0,91.63,42.652,OK
data_for_algoritm_15411.json,17,24.247,2772.0,0,91.63,26.462,OK
data_for_algoritm_15412.json,24,43.26575,6460.0,0,91.63,47.218,OK
data_for_algoritm_15421.json,39,26.94,10350.0,0,91.63,29.401,OK
data_for_algoritm_15428.json,240,55.08,7200.0,0,91.63,60.111,OK
data_for_algoritm_15429.json,240,55.08,7200.0,0,91.63,60.111,OK
data_for_algoritm_15432.json,10,45.032154,8811.2,0,91.63,49.146,OK
data_for_algoritm_15433.json,10,45.032154,8811.2,0,91.63,49.146,OK
data_for_algoritm_15435.json,10,45.032154,8811.2,0,91.63,49.146,OK
data_for_algoritm_15437.json,10,45.032154,8811.2,0,91.63,49.146,OK
data_for_algoritm_15440.json,9,13.647,2410.0,0,91.63,14.894,OK
data_for_algoritm_15442.json,9,13.647,2410.0,0,91.63,14.894,OK
data_for_algoritm_15443.json,9,13.647,2410.0,0,91.63,14.894,OK
data_for_algoritm_15444.json,16,20.8626,5530.0,0,91.63,22.768,OK
data_for_algoritm_15445.json,16,20.8626,5530.0,0,91.63,22.768,OK
data_for_algoritm_15449.json,9,4.90184,808.0,0,91.63,5.35,OK
data_for_algoritm_15450.json,73,1.107073,519.026,0,91.63,1.208,LOW_FILL
data_for_algoritm_15451.json,73,1.107073,519.026,0,91.63,1.208,LOW_FILL
data_for_algoritm_15452.json,73,1.107073,519.026,0,91.63,1.208,LOW_FILL
data_for_algoritm_15453.json,73,1.107073,519.026,0,91.63,1.208,LOW_FILL
data_for_algoritm_15454.json,82,1.11091,572.891,0,91.63,1.212,LOW_FILL
data_for_algoritm_15455.json,82,1.11091,572.891,0,91.63,1.212,LOW_FILL
data_for_algoritm_15456.json,82,1.11091,572.891,0,91.63,1.212,LOW_FILL
data_for_algoritm_15457.json,82,1.11091,572.891,0,91.63,1.212,LOW_FILL
data_for_algoritm_15458.json,82,1.11091,572.891,0,91.63,1.212,LOW_FILL
data_for_algoritm_15464.json,100,52.349634,7950.0,0,91.63,57.132,OK
data_for_algoritm_15466.json,100,52.349634,7950.0,0,91.63,57.132,OK
data_for_algoritm_15467.json,110,46.19307,7040.0,0,91.63,50.413,OK
data_for_algoritm_15469.json,59,1.124802,423.743,0,91.63,1.228,LOW_FILL
data_for_algoritm_15481.json,348,5270.842012,613366.0,0,91.63,5752.31,OK
data_for_algoritm_15482.json,59,1.124802,423.743,0,91.63,1.228,LOW_FILL
data_for_algoritm_15483.json,348,5270.842012,613366.0,0,91.63,5752.31,OK
data_for_algoritm_15485.json,240,55.08,7200.0,0,91.63,60.111,OK
data_for_algoritm_15486.json,73,1.107073,519.026,0,91.63,1.208,LOW_FILL
data_for_algoritm_15487.json,73,1.107073,519.026,0,91.63,1.208,LOW_FILL
data_for_algoritm_15489.json,88,3873.841911,413907.0,0,91.63,4227.7,OK
data_for_algoritm_15490.json,4,15.5904,1500.0,0,91.63,17.015,OK
data_for_algoritm_15503.json,222,728.125125,119970.0,0,91.63,794.636,OK
data_for_algoritm_15504.json,505,6.57,1370.0,0,91.63,7.17,OK
data_for_algoritm_15508.json,18,2.464313,286.8,0,91.63,2.689,LOW_FILL
data_for_algoritm_15509.json,19,2.516449,296.3,0,91.63,2.746,LOW_FILL
data_for_algoritm_15510.json,18,2.464313,286.8,0,91.63,2.689,LOW_FILL
data_for_algoritm_15515.json,18,2.464313,286.8,0,91.63,2.689,LOW_FILL
data_for_algoritm_15518.json,18,2.464313,286.8,0,91.63,2.689,LOW_FILL
data_for_algoritm_15519.json,18,2.464313,286.8,0,91.63,2.689,LOW_FILL
data_for_algoritm_15523.json,18,2.464313,286.8,0,91.63,2.689,LOW_FILL
data_for_algoritm_15529.json,18,2.464313,286.8,0,91.63,2.689,LOW_FILL
data_for_algoritm_15530.json,19,2.516449,296.3,0,91.63,2.746,LOW_FILL
data_for_algoritm_15535.json,85,11.555918,1598.3,0,91.63,12.612,OK
data_for_algoritm_15536.json,85,11.555918,1598.3,0,91.63,12.612,OK
data_for_algoritm_15537.json,85,11.555918,1598.3,0,91.63,12.612,OK
data_for_algoritm_15543.json,10,2.88,10.0,0,91.63,3.143,LOW_FILL
data_for_algoritm_15545.json,17,71.576154,8968.7,0,91.63,78.114,OK
data_for_algoritm_15547.json,16,67.784154,8946.2,0,91.63,73.976,OK
data_for_algoritm_15558.json,88,0.65472,308.0,0,91.63,0.715,LOW_FILL
data_for_algoritm_15567.json,73,1.107073,519.026,0,91.63,1.208,LOW_FILL
data_for_algoritm_15568.json,51,1.117441,395.808,0,91.63,1.22,LOW_FILL
data_for_algoritm_15569.json,14,71.312154,8667.2,0,91.63,77.826,OK
data_for_algoritm_15571.json,82,1.11091,572.891,0,91.63,1.212,LOW_FILL
data_for_algoritm_15573.json,14,71.312154,8667.2,0,91.63,77.826,OK
data_for_algoritm_15575.json,15,77.1426,7085.2,0,91.63,84.189,OK
data_for_algoritm_15581.json,550,4.38031,673.0,0,91.63,4.78,LOW_FILL
data_for_algoritm_15585.json,17,90.579672,15075.0,0,91.63,98.854,OK
data_for_algoritm_15592.json,22,116.215562,7187.59,0,91.63,126.831,OK
data_for_algoritm_15593.json,23,14.610606,23.0,0,91.63,15.945,OK
data_for_algoritm_15598.json,2,49.82243,19100.0,0,91.63,54.373,OK
data_for_algoritm_15600.json,8,6.806,2400.0,0,91.63,7.428,OK
data_for_algoritm_15602.json,8,38.368122,16740.0,0,91.63,41.873,OK
data_for_algoritm_15603.json,8,38.368122,16740.0,0,91.63,41.873,OK
data_for_algoritm_15605.json,100,1.86,200.0,0,91.63,2.03,LOW_FILL
data_for_algoritm_15611.json,3,1.84032,144.0,0,91.63,2.008,LOW_FILL
data_for_algoritm_15612.json,104,14.072367,1894.6,0,91.63,15.358,OK
data_for_algoritm_15613.json,104,14.072367,1894.6,0,91.63,15.358,OK
data_for_algoritm_15620.json,2,1.22688,96.0,0,91.63,1.339,LOW_FILL
data_for_algoritm_15621.json,3,1.84032,144.0,0,91.63,2.008,LOW_FILL
data_for_algoritm_15622.json,5,2.75904,230.0,0,91.63,3.011,LOW_FILL
data_for_algoritm_15623.json,5,2.75904,230.0,0,91.63,3.011,LOW_FILL
data_for_algoritm_15624.json,5,1.163217,139.9,0,91.63,1.269,LOW_FILL
data_for_algoritm_15625.json,16,1.39524,296.0,0,91.63,1.523,LOW_FILL
data_for_algoritm_15628.json,75,9.344754,1375.3,0,91.63,10.198,OK
data_for_algoritm_15660.json,500,0.525,150.0,0,91.63,0.573,LOW_FILL
data_for_algoritm_15720.json,95,0.57,95.0,0,91.63,0.622,LOW_FILL
data_for_algoritm_15762.json,31,3.198617,552.9,0,91.63,3.491,LOW_FILL
data_for_algoritm_15785.json,15,1.66224,312.5,0,91.63,1.814,LOW_FILL
data_for_algoritm_15792.json,31,3.198617,552.9,0,91.63,3.491,LOW_FILL
data_for_algoritm_15796.json,19,1.527908,253.0,0,91.63,1.667,LOW_FILL
data_for_algoritm_15798.json,19,1.45824,240.5,0,91.63,1.591,LOW_FILL
data_for_algoritm_15823.json,31,3.198617,552.9,0,91.63,3.491,LOW_FILL
data_for_algoritm_15828.json,31,3.198617,552.9,0,91.63,3.491,LOW_FILL
data_for_algoritm_15832.json,31,3.198617,552.9,0,91.63,3.491,LOW_FILL
data_for_algoritm_15834.json,19,1.45824,240.5,0,91.63,1.591,LOW_FILL
data_for_algoritm_15915.json,59,1.124802,423.743,0,91.63,1.228,LOW_FILL
data_for_algoritm_15916.json,59,1.124802,423.743,0,91.63,1.228,LOW_FILL
data_for_algoritm_15923.json,4,12.656,74.5,0,91.63,13.812,OK
data_for_algoritm_15927.json,5,9.823115,1091.0,0,91.63,10.72,OK
data_for_algoritm_15929.json,7,18.73424,99.5,0,91.63,20.446,OK
data_for_algoritm_15939.json,7,18.73424,99.5,0,91.63,20.446,OK
data_for_algoritm_15941.json,21,68.00087,337.5,0,91.63,74.212,OK
data_for_algoritm_15948.json,12,45.7715,6600.0,0,91.63,49.953,OK
data_for_algoritm_15950.json,12,48.3635,6600.0,0,91.63,52.781,OK
data_for_algoritm_15967.json,26,59.44,4820.0,0,91.63,64.87,OK
data_for_algoritm_15968.json,26,67.936,4820.0,0,91.63,74.142,OK
data_for_algoritm_15973.json,20,4.630874,628.4,0,91.63,5.054,OK
data_for_algoritm_15975.json,20,4.630874,628.4,0,91.63,5.054,OK
data_for_algoritm_15977.json,20,4.630874,628.4,0,91.63,5.054,OK
data_for_algoritm_15978.json,20,4.630874,628.4,0,91.63,5.054,OK
data_for_algoritm_15980.json,20,4.630874,628.4,0,91.63,5.054,OK
data_for_algoritm_15983.json,20,4.630874,628.4,0,91.63,5.054,OK
data_for_algoritm_15988.json,26,67.936,4820.0,0,91.63,74.142,OK
data_for_algoritm_15999.json,27,0.914508,310.35,0,91.63,0.998,LOW_FILL
data_for_algoritm_16003.json,226,5.22246,2260.55,0,91.63,5.7,OK
data_for_algoritm_16004.json,226,5.22246,2260.55,0,91.63,5.7,OK
data_for_algoritm_16011.json,17,16.32,6800.0,0,91.63,17.811,OK
data_for_algoritm_16014.json,48,7.004092,6608.0,0,91.63,7.644,OK
data_for_algoritm_16017.json,26,67.936,4820.0,0,91.63,74.142,OK
data_for_algoritm_16018.json,26,67.936,4820.0,0,91.63,74.142,OK
data_for_algoritm_16019.json,26,67.936,4820.0,0,91.63,74.142,OK
data_for_algoritm_16026.json,8,57.11225,2182.0,0,91.63,62.329,OK
data_for_algoritm_16036.json,355,8.760496,2747.0,0,91.63,9.561,OK
data_for_algoritm_16037.json,355,8.760496,2747.0,0,91.63,9.561,OK
data_for_algoritm_16043.json,355,8.760496,2747.0,0,91.63,9.561,OK
data_for_algoritm_16047.json,2100,1.30977,5014.0,0,91.63,1.429,LOW_FILL
data_for_algoritm_16048.json,2500,1.55925,3890.0,0,91.63,1.702,LOW_FILL
data_for_algoritm_16050.json,2500,56.3811,27500.0,0,91.63,61.531,OK
data_for_algoritm_16060.json,12,38.657063,19789.0,0,91.63,42.188,OK
data_for_algoritm_16066.json,28,4.268062,3560.0,0,91.63,4.658,LOW_FILL
data_for_algoritm_16067.json,285,33.858,47025.0,0,91.63,36.951,OK
data_for_algoritm_16068.json,304,34.7985,48792.0,0,91.63,37.977,OK
data_for_algoritm_16069.json,496,195.492,72782.0,0,91.63,213.349,OK
data_for_algoritm_16070.json,496,195.492,72782.0,0,91.63,213.349,OK
data_for_algoritm_16072.json,496,195.492,72782.0,0,91.63,213.349,OK
data_for_algoritm_16073.json,496,195.492,72782.0,0,91.63,213.349,OK
data_for_algoritm_16074.json,496,174.9099,72782.0,0,91.63,190.887,OK
data_for_algoritm_16079.json,30,48.664,5900.0,0,91.63,53.109,OK
data_for_algoritm_16088.json,10,32.75804,184.5,0,91.63,35.75,OK
data_for_algoritm_16092.json,22,74.98658,388.5,0,91.63,81.836,OK
data_for_algoritm_16098.json,17,57.16256,303.5,0,91.63,62.384,OK
data_for_algoritm_16106.json,490,9.1174,3352.0,0,91.63,9.95,OK
data_for_algoritm_16124.json,18,62.74076,320.5,0,91.63,68.472,OK
data_for_algoritm_16130.json,25,62.751565,322.95,0,91.63,68.484,OK
data_for_algoritm_16131.json,592,43.308,592.0,0,91.63,47.264,OK
data_for_algoritm_16137.json,7,10.782215,2320.0,0,91.63,11.767,OK
data_for_algoritm_16140.json,15,52.317314,10740.0,0,91.63,57.096,OK
data_for_algoritm_16143.json,1500,375.0,750000.0,0,91.63,409.255,OK
data_for_algoritm_16144.json,26,64.984164,326.95,0,91.63,70.92,OK
data_for_algoritm_16146.json,583,44.751702,275.8,0,91.63,48.84,OK
data_for_algoritm_16148.json,583,44.751702,275.8,0,91.63,48.84,OK
data_for_algoritm_16159.json,617,249.26982,736.3,0,91.63,272.04,OK
data_for_algoritm_16162.json,617,249.26982,736.3,0,91.63,272.04,OK
data_for_algoritm_16166.json,20,58.8,23800.0,0,91.63,64.171,OK
data_for_algoritm_16174.json,653,249.971396,1097.9,0,91.63,272.805,OK
data_for_algoritm_16176.json,653,249.971396,1097.9,0,91.63,272.805,OK
data_for_algoritm_16178.json,653,249.971396,1097.9,0,91.63,272.805,OK
data_for_algoritm_16179.json,17,11.35855,2091.0,0,91.63,12.396,OK
data_for_algoritm_16180.json,32,33.711465,5576.0,0,91.63,36.791,OK
data_for_algoritm_16181.json,32,33.711465,5576.0,0,91.63,36.791,OK
data_for_algoritm_16183.json,32,33.711465,5576.0,0,91.63,36.791,OK
data_for_algoritm_16184.json,32,33.711465,5576.0,0,91.63,36.791,OK
data_for_algoritm_16218.json,653,249.971396,1097.9,0,91.63,272.805,OK
data_for_algoritm_16220.json,653,249.971396,1097.9,0,91.63,272.805,OK
data_for_algoritm_16222.json,653,249.971396,1097.9,0,91.63,272.805,OK
data_for_algoritm_16244.json,7,36.878648,52.0,0,91.63,40.247,OK
data_for_algoritm_16245.json,653,249.971396,1097.9,0,91.63,272.805,OK
data_for_algoritm_16248.json,5,4.013246,540.0,0,91.63,4.38,LOW_FILL
data_for_algoritm_16249.json,5,4.013246,540.0,0,91.63,4.38,LOW_FILL
data_for_algoritm_16251.json,5,4.013246,540.0,0,91.63,4.38,LOW_FILL
data_for_algoritm_16258.json,153,33.295674,1117.0,0,91.63,36.337,OK
data_for_algoritm_16259.json,153,33.295674,1117.0,0,91.63,36.337,OK
data_for_algoritm_16304.json,30,20.24176,9740.0,0,91.63,22.091,OK
data_for_algoritm_16305.json,30,20.24176,9740.0,0,91.63,22.091,OK
data_for_algoritm_16306.json,30,20.24176,9740.0,0,91.63,22.091,OK
data_for_algoritm_16312.json,24,87.12,54000.0,0,91.63,95.078,OK
data_for_algoritm_16315.json,8,2.882376,268.8,0,91.63,3.146,LOW_FILL
data_for_algoritm_16317.json,16,21.89776,4603.42,0,91.63,23.898,OK
data_for_algoritm_16321.json,12,57.4305,8620.0,0,91.63,62.677,OK
data_for_algoritm_16324.json,12,57.4305,8620.0,0,91.63,62.677,OK
data_for_algoritm_16325.json,110,19.93568,3190.0,0,91.63,21.757,OK
data_for_algoritm_16326.json,312,67.9761,14320.0,0,91.63,74.185,OK
data_for_algoritm_16327.json,512,75.0065,18120.0,0,91.63,81.858,OK
data_for_algoritm_16328.json,362,69.7337,15270.0,0,91.63,76.104,OK
data_for_algoritm_16329.json,25,64.8,3750.0,0,91.63,70.719,OK
data_for_algoritm_16330.json,412,71.4913,16220.0,0,91.63,78.022,OK
data_for_algoritm_16331.json,512,75.0065,18120.0,0,91.63,81.858,OK
data_for_algoritm_16332.json,342,69.03066,14890.0,0,91.63,75.336,OK
data_for_algoritm_16336.json,90,8.07,1260.0,0,91.63,8.807,OK
data_for_algoritm_16337.json,60,5.91,810.0,0,91.63,6.45,OK
data_for_algoritm_16338.json,80,7.35,1110.0,0,91.63,8.021,OK
data_for_algoritm_16341.json,40,6.664,920.0,0,91.63,7.273,OK
data_for_algoritm_16344.json,207,62.84,9850.0,0,91.63,68.58,OK
data_for_algoritm_16345.json,214,63.077016,10256.0,0,91.63,68.839,OK
data_for_algoritm_16357.json,1,11.4,13100.0,0,91.63,12.441,OK
data_for_algoritm_16358.json,16,18.39822,3530.0,0,91.63,20.079,OK
data_for_algoritm_16362.json,54,4.897957,1066.0,0,91.63,5.345,OK
data_for_algoritm_16380.json,50,0.7975,300.0,0,91.63,0.87,LOW_FILL
data_for_algoritm_16381.json,100,1.595,600.0,0,91.63,1.741,LOW_FILL
data_for_algoritm_16382.json,43,80.616,7200.0,0,91.63,87.98,OK
data_for_algoritm_16383.json,100,1.595,600.0,0,91.63,1.741,LOW_FILL
data_for_algoritm_16394.json,200,345.6,40000.0,0,91.63,377.169,OK
data_for_algoritm_16395.json,120,207.36,24000.0,0,91.63,226.301,OK
data_for_algoritm_16396.json,21,30.40122,20788.0,0,91.63,33.178,OK
data_for_algoritm_16403.json,28,69.2034,4200.0,0,91.63,75.525,OK
data_for_algoritm_16404.json,26,64.509,3900.0,0,91.63,70.402,OK
data_for_algoritm_16410.json,34,33.59563,19407.0,0,91.63,36.664,OK
data_for_algoritm_16422.json,37,2.422385,1321.0,0,91.63,2.644,LOW_FILL
data_for_algoritm_16433.json,40,30.72,400.0,0,91.63,33.526,OK
data_for_algoritm_16437.json,1800,47.11278,18100.0,0,91.63,51.416,OK
data_for_algoritm_16441.json,4,8.99,11600.0,0,91.63,9.811,OK
data_for_algoritm_16480.json,563,355.543805,567589.0,0,91.63,388.021,OK
data_for_algoritm_16494.json,5,2.75904,230.0,0,91.63,3.011,LOW_FILL
data_for_algoritm_16495.json,5,1.163217,139.9,0,91.63,1.269,LOW_FILL
data_for_algoritm_16496.json,16,1.39524,296.0,0,91.63,1.523,LOW_FILL
data_for_algoritm_16505.json,15,1.66224,312.5,0,91.63,1.814,LOW_FILL
data_for_algoritm_16506.json,15,1.66224,312.5,0,91.63,1.814,LOW_FILL
data_for_algoritm_16510.json,31,3.198617,552.9,0,91.63,3.491,LOW_FILL
data_for_algoritm_16514.json,19,1.527908,253.0,0,91.63,1.667,LOW_FILL
data_for_algoritm_16516.json,19,1.45824,240.5,0,91.63,1.591,LOW_FILL
data_for_algoritm_16535.json,27,66.8562,4050.0,0,91.63,72.963,OK
data_for_algoritm_16536.json,27,68.4,4050.0,0,91.63,74.648,OK
data_for_algoritm_16541.json,6,11.174447,28643.0,0,91.63,12.195,OK
data_for_algoritm_16542.json,5,8.927622,19643.0,0,91.63,9.743,OK
data_for_algoritm_16544.json,33,52.304,6150.0,0,91.63,57.082,OK
data_for_algoritm_16545.json,7,12.342415,3425.0,0,91.63,13.47,OK
data_for_algoritm_16546.json,13,42.108695,9305.0,0,91.63,45.955,OK
data_for_algoritm_16547.json,13,69.14877,14905.0,0,91.63,75.465,OK
data_for_algoritm_16552.json,11,122.8021,11.0,0,91.63,134.02,OK
data_for_algoritm_16554.json,17,13.142,1955.0,0,91.63,14.342,OK
data_for_algoritm_16555.json,17,13.142,1955.0,0,91.63,14.342,OK
data_for_algoritm_16560.json,183,45.565606,7320.0,0,91.63,49.728,OK
data_for_algoritm_16569.json,3,58.08,75.0,0,91.63,63.385,OK
data_for_algoritm_16570.json,59,67.00512,71980.0,0,91.63,73.126,OK
data_for_algoritm_16572.json,150,0.216,37500.0,0,91.63,0.236,LOW_FILL
data_for_algoritm_16574.json,17,35.2069,10010.0,0,91.63,38.423,OK
data_for_algoritm_16575.json,17,35.2069,10010.0,0,91.63,38.423,OK
data_for_algoritm_16581.json,39,4.017375,390.0,0,91.63,4.384,LOW_FILL
data_for_algoritm_16582.json,510,4.538362,510.0,0,91.63,4.953,LOW_FILL
data_for_algoritm_16586.json,39,4.017375,390.0,0,91.63,4.384,LOW_FILL
data_for_algoritm_16587.json,39,4.017375,390.0,0,91.63,4.384,LOW_FILL
data_for_algoritm_16588.json,39,4.017375,390.0,0,91.63,4.384,LOW_FILL
data_for_algoritm_16589.json,39,4.017375,390.0,0,91.63,4.384,LOW_FILL
data_for_algoritm_16591.json,39,4.017375,390.0,0,91.63,4.384,LOW_FILL
data_for_algoritm_16593.json,39,4.017375,390.0,0,91.63,4.384,LOW_FILL
data_for_algoritm_16594.json,39,4.017375,390.0,0,91.63,4.384,LOW_FILL
data_for_algoritm_16596.json,39,4.017375,390.0,0,91.63,4.384,LOW_FILL
data_for_algoritm_16606.json,15,21.678372,30510.0,0,91.63,23.659,OK
data_for_algoritm_16607.json,13,18.787922,26442.0,0,91.63,20.504,OK
data_for_algoritm_16608.json,11,122.8021,11.0,0,91.63,134.02,OK
data_for_algoritm_16611.json,32,1.1088,96.0,0,91.63,1.21,LOW_FILL
data_for_algoritm_16612.json,32,1.1088,96.0,0,91.63,1.21,LOW_FILL
data_for_algoritm_16613.json,32,1.1088,96.0,0,91.63,1.21,LOW_FILL
data_for_algoritm_16614.json,48,1.6632,144.0,0,91.63,1.815,LOW_FILL
data_for_algoritm_16615.json,10,19.55175,3551.43,0,91.63,21.338,OK
data_for_algoritm_16616.json,13,26.57175,4149.43,0,91.63,28.999,OK
data_for_algoritm_16617.json,11,21.08775,3707.43,0,91.63,23.014,OK
data_for_algoritm_16618.json,12,1.76418,36.0,0,91.63,1.925,LOW_FILL
data_for_algoritm_16621.json,211,63.16515,11640.0,0,91.63,68.935,OK
data_for_algoritm_16625.json,17,34.08705,9610.0,0,91.63,37.201,OK
data_for_algoritm_16626.json,10,26.779,4527.0,0,91.63,29.225,OK
data_for_algoritm_16627.json,10,26.779,4527.0,0,91.63,29.225,OK
data_for_algoritm_16636.json,20,4.77375,22000.0,0,91.63,5.21,OK
data_for_algoritm_16639.json,36,19.44,52920.0,0,91.63,21.216,OK
data_for_algoritm_16653.json,25,55.08,4700.0,0,91.63,60.111,OK
data_for_algoritm_16657.json,2160,716.88131,1033015.0,0,91.63,782.365,OK
data_for_algoritm_16659.json,20,4.77375,22000.0,0,91.63,5.21,OK
data_for_algoritm_16661.json,17,16.959375,17945.0,0,91.63,18.509,OK
data_for_algoritm_16663.json,17,37.310625,17945.0,0,91.63,40.719,OK
data_for_algoritm_16666.json,17,37.310625,18045.0,0,91.63,40.719,OK
data_for_algoritm_16668.json,563,355.543805,567589.0,0,91.63,388.021,OK
data_for_algoritm_16669.json,17,34.461,5300.0,0,91.63,37.609,OK
data_for_algoritm_16670.json,17,34.461,5300.0,0,91.63,37.609,OK
data_for_algoritm_16677.json,12,1.76418,36.0,0,91.63,1.925,LOW_FILL
data_for_algoritm_16678.json,12,1.76418,36.0,0,91.63,1.925,LOW_FILL
data_for_algoritm_16679.json,12,1.76418,36.0,0,91.63,1.925,LOW_FILL
data_for_algoritm_16681.json,2160,716.88131,1033015.0,0,91.63,782.365,OK
data_for_algoritm_16682.json,12,13.56912,5760.0,0,91.63,14.809,OK
data_for_algoritm_16686.json,115,37.1358,10005.0,0,91.63,40.528,OK
data_for_algoritm_16687.json,202,65.22984,17574.0,0,91.63,71.188,OK
data_for_algoritm_16688.json,2160,716.88131,1033015.0,0,91.63,782.365,OK
data_for_algoritm_16689.json,2160,716.88131,1033015.0,0,91.63,782.365,OK
data_for_algoritm_16690.json,2160,716.88131,1033015.0,0,91.63,782.365,OK
data_for_algoritm_16704.json,100,1.0,20.0,0,91.63,1.091,LOW_FILL
data_for_algoritm_16709.json,29,38.823914,18811.0,0,91.63,42.37,OK
data_for_algoritm_16715.json,37,9.358104,3007.5,0,91.63,10.213,OK
data_for_algoritm_16718.json,10,27.35,7760.0,0,91.63,29.848,OK
data_for_algoritm_16719.json,10,27.35,7760.0,0,91.63,29.848,OK
data_for_algoritm_16726.json,9,0.556404,160.0,0,91.63,0.607,LOW_FILL
data_for_algoritm_16727.json,17,9.336,1147.5,0,91.63,10.189,OK
data_for_algoritm_16730.json,20,22.104,1860.0,0,91.63,24.123,OK
data_for_algoritm_16732.json,39,4.017375,390.0,0,91.63,4.384,LOW_FILL
data_for_algoritm_16782.json,27,48.015,6204.0,0,91.63,52.401,OK
data_for_algoritm_16783.json,27,48.015,6204.0,0,91.63,52.401,OK
data_for_algoritm_16784.json,30,73.17,8304.0,0,91.63,79.854,OK
data_for_algoritm_16785.json,18,67.185,11040.0,0,91.63,73.322,OK
data_for_algoritm_16786.json,17,13.309988,17.0,0,91.63,14.526,OK
data_for_algoritm_16788.json,36,39.735,10944.0,0,91.63,43.365,OK
data_for_algoritm_16789.json,11,18.14434,3335.0,0,91.63,19.802,OK
data_for_algoritm_16790.json,11,18.14434,3335.0,0,91.63,19.802,OK
data_for_algoritm_16791.json,36,39.735,10944.0,0,91.63,43.365,OK
data_for_algoritm_16792.json,13,26.35234,4735.0,0,91.63,28.76,OK
data_for_algoritm_16794.json,17,2.55,85.0,0,91.63,2.783,LOW_FILL
data_for_algoritm_16795.json,18,2.625,105.0,0,91.63,2.865,LOW_FILL
data_for_algoritm_16799.json,288,345.6,418.24,0,91.63,377.169,OK
data_for_algoritm_16808.json,96,1.536,96.0,0,91.63,1.676,LOW_FILL
data_for_algoritm_16822.json,2,14.784,4400.0,0,91.63,16.134,OK
data_for_algoritm_16824.json,7,82.161848,17680.0,0,91.63,89.667,OK
data_for_algoritm_16825.json,2,21.912,3200.0,0,91.63,23.914,OK
data_for_algoritm_16826.json,2,21.912,3200.0,0,91.63,23.914,OK
data_for_algoritm_16827.json,3,31.465848,10080.0,0,91.63,34.34,OK
data_for_algoritm_16832.json,4,50.696,7600.0,0,91.63,55.327,OK
data_for_algoritm_16839.json,202,65.22984,17574.0,0,91.63,71.188,OK
data_for_algoritm_16841.json,600,324.0,27000.0,0,91.63,353.596,OK
data_for_algoritm_16842.json,600,270.0,27000.0,0,91.63,294.663,OK
data_for_algoritm_16846.json,91,108.315032,48915.0,0,91.63,118.209,OK
data_for_algoritm_16847.json,91,108.315032,48915.0,0,91.63,118.209,OK
data_for_algoritm_16855.json,19,13.731232,231.0,0,91.63,14.986,OK
data_for_algoritm_16862.json,18,40.280242,14963.0,0,91.63,43.96,OK
data_for_algoritm_16863.json,8,35.717993,5345.0,0,91.63,38.981,OK
data_for_algoritm_16878.json,91,108.315032,48915.0,0,91.63,118.209,OK
data_for_algoritm_16881.json,91,108.315032,48915.0,0,91.63,118.209,OK
data_for_algoritm_16889.json,924,56.955822,20328.0,0,91.63,62.158,OK
data_for_algoritm_16890.json,924,56.955822,20328.0,0,91.63,62.158,OK
data_for_algoritm_16892.json,41,49.103795,9482.0,0,91.63,53.589,OK
data_for_algoritm_16894.json,38,1.729,380.0,0,91.63,1.887,LOW_FILL
data_for_algoritm_16895.json,200,32.76,12000.0,0,91.63,35.752,OK
data_for_algoritm_16896.json,30,1.365,300.0,0,91.63,1.49,LOW_FILL
data_for_algoritm_16897.json,28,17.471608,28.0,0,91.63,19.068,OK
data_for_algoritm_16899.json,86,1.198713,588.2,0,91.63,1.308,LOW_FILL
data_for_algoritm_16900.json,84,1.302835,673.403,0,91.63,1.422,LOW_FILL
data_for_algoritm_16901.json,84,1.302835,673.403,0,91.63,1.422,LOW_FILL
data_for_algoritm_16902.json,84,1.302835,673.403,0,91.63,1.422,LOW_FILL
data_for_algoritm_16912.json,16,79.2,1300.0,0,91.63,86.435,OK
data_for_algoritm_16913.json,28,91.62,3700.0,0,91.63,99.989,OK
data_for_algoritm_16915.json,16,79.2,1300.0,0,91.63,86.435,OK
data_for_algoritm_16916.json,28,91.62,2020.0,0,91.63,99.989,OK
data_for_algoritm_16919.json,355,8.760496,2747.0,0,91.63,9.561,OK
data_for_algoritm_16927.json,100,28.0,3000.0,0,91.63,30.558,OK
data_for_algoritm_16929.json,200,22.051,2700.0,0,91.63,24.065,OK
data_for_algoritm_16930.json,600,66.153,8100.0,0,91.63,72.196,OK
data_for_algoritm_16931.json,512,57.52812,7044.0,0,91.63,62.783,OK
data_for_algoritm_16932.json,6,2.364,390.0,0,91.63,2.58,LOW_FILL
data_for_algoritm_16933.json,75,57.23125,6315.0,0,91.63,62.459,OK
data_for_algoritm_16934.json,108,64.44775,8511.0,0,91.63,70.335,OK
data_for_algoritm_16935.json,108,64.44775,8511.0,0,91.63,70.335,OK
data_for_algoritm_16936.json,129,73.82335,9895.0,0,91.63,80.567,OK
data_for_algoritm_16951.json,50,93.0,40000.0,0,91.63,101.495,OK
data_for_algoritm_16952.json,5700,242.162946,36688.796,0,91.63,264.283,OK
data_for_algoritm_16953.json,45,83.7,36000.0,0,91.63,91.346,OK
data_for_algoritm_16954.json,5700,242.162946,36688.796,0,91.63,264.283,OK
data_for_algoritm_16956.json,17,3.71403,215.0,0,91.63,4.053,LOW_FILL
data_for_algoritm_16958.json,22,4.651082,266.0,0,91.63,5.076,OK
data_for_algoritm_16959.json,22,4.651082,266.0,0,91.63,5.076,OK
data_for_algoritm_16960.json,22,4.651082,266.0,0,91.63,5.076,OK
data_for_algoritm_16961.json,22,4.651082,266.0,0,91.63,5.076,OK
data_for_algoritm_16963.json,24,22.86,4104.0,0,91.63,24.948,OK
data_for_algoritm_16980.json,7,11.248,1066.0,0,91.63,12.275,OK
data_for_algoritm_16983.json,32,0.71232,64.0,0,91.63,0.777,LOW_FILL
data_for_algoritm_16984.json,60,1.3356,120.0,0,91.63,1.458,LOW_FILL
data_for_algoritm_16986.json,36,39.735,10944.0,0,91.63,43.365,OK
data_for_algoritm_16987.json,26,40.432,4468.0,0,91.63,44.125,OK
data_for_algoritm_16988.json,52,0.723618,14.4,0,91.63,0.79,LOW_FILL
data_for_algoritm_16990.json,52,0.723618,59.4,0,91.63,0.79,LOW_FILL
data_for_algoritm_16991.json,52,0.723618,59.4,0,91.63,0.79,LOW_FILL
data_for_algoritm_16996.json,4,47.327505,12420.0,0,91.63,51.651,OK
data_for_algoritm_17000.json,53,16.4352,4500.0,0,91.63,17.936,OK
data_for_algoritm_17002.json,503,161.328,18000.0,0,91.63,176.065,OK
data_for_algoritm_17009.json,60,0.81648,120.0,0,91.63,0.891,LOW_FILL
data_for_algoritm_17010.json,120,1.63296,204.0,0,91.63,1.782,LOW_FILL
data_for_algoritm_17014.json,82,4.17,41000.0,0,91.63,4.551,LOW_FILL
data_for_algoritm_17016.json,582,11.37,48000.0,0,91.63,12.409,OK
data_for_algoritm_17018.json,207,6.53475,41775.0,0,91.63,7.132,OK
data_for_algoritm_17022.json,1101,27.77587,42669.0,0,91.63,30.313,OK
data_for_algoritm_17028.json,4,8.887068,1722.0,0,91.63,9.699,OK
data_for_algoritm_17030.json,7,64.478636,9240.0,0,91.63,70.368,OK
data_for_algoritm_17034.json,30,1.95624,51.0,0,91.63,2.135,LOW_FILL
data_for_algoritm_17036.json,1800,47.11278,18100.0,0,91.63,51.416,OK
data_for_algoritm_17041.json,16,1.380846,148.0,0,91.63,1.507,LOW_FILL
data_for_algoritm_17045.json,230,62.984592,19998.4,0,91.63,68.738,OK
data_for_algoritm_17046.json,274,76.3488,24046.4,0,91.63,83.323,OK
data_for_algoritm_17048.json,22,8.069424,902.0,0,91.63,8.807,OK
data_for_algoritm_17061.json,122,11.196819,1081.0,0,91.63,12.22,OK
data_for_algoritm_17067.json,122,11.196819,1081.0,0,91.63,12.22,OK
data_for_algoritm_17068.json,122,11.196819,1081.0,0,91.63,12.22,OK
data_for_algoritm_17069.json,122,11.196819,1081.0,0,91.63,12.22,OK
data_for_algoritm_17074.json,28,13.012503,7476.0,0,91.63,14.201,OK
data_for_algoritm_17077.json,28,13.012503,7476.0,0,91.63,14.201,OK
data_for_algoritm_17078.json,56,26.025006,14952.0,0,91.63,28.402,OK
data_for_algoritm_17079.json,84,39.03751,22428.0,0,91.63,42.603,OK
data_for_algoritm_17080.json,28,13.012503,7476.0,0,91.63,14.201,OK
data_for_algoritm_17081.json,28,13.012503,7476.0,0,91.63,14.201,OK
data_for_algoritm_17083.json,950,119.1,5800.0,0,91.63,129.979,OK
data_for_algoritm_17084.json,950,119.1,5800.0,0,91.63,129.979,OK
data_for_algoritm_17086.json,18,42.82803,7360.0,0,91.63,46.74,OK
data_for_algoritm_17088.json,18,42.82803,7360.0,0,91.63,46.74,OK
data_for_algoritm_17090.json,24,22.86,4104.0,0,91.63,24.948,OK
data_for_algoritm_17091.json,6,29.37375,3810.0,0,91.63,32.057,OK
data_for_algoritm_17093.json,18,274.287,11040.0,0,91.63,299.342,OK
data_for_algoritm_17094.json,27,60.624,6204.0,0,91.63,66.162,OK
data_for_algoritm_17095.json,27,60.624,6204.0,0,91.63,66.162,OK
data_for_algoritm_17096.json,2182,132.123988,21045.004,0,91.63,144.193,OK
data_for_algoritm_17097.json,140,8.78864,840.0,0,91.63,9.591,OK
data_for_algoritm_17098.json,140,8.78864,840.0,0,91.63,9.591,OK
data_for_algoritm_17099.json,18,42.82803,7360.0,0,91.63,46.74,OK
data_for_algoritm_17102.json,24,43.56,2400.0,0,91.63,47.539,OK
data_for_algoritm_17103.json,26,186.387081,47062.0,0,91.63,203.413,OK
data_for_algoritm_17108.json,43,110.506245,53134.0,0,91.63,120.601,OK
data_for_algoritm_17121.json,40,0.54288,400.0,0,91.63,0.592,LOW_FILL
data_for_algoritm_17122.json,40,0.54288,400.0,0,91.63,0.592,LOW_FILL
data_for_algoritm_17124.json,26,1.695408,44.2,0,91.63,1.85,LOW_FILL
data_for_algoritm_17130.json,32,46.08,9600.0,0,91.63,50.289,OK
data_for_algoritm_17131.json,32,46.08,9600.0,0,91.63,50.289,OK
data_for_algoritm_17133.json,34,48.96,10200.0,0,91.63,53.432,OK
data_for_algoritm_17136.json,34,48.96,10200.0,0,91.63,53.432,OK
data_for_algoritm_17138.json,47,0.874368,150.24,0,91.63,0.954,LOW_FILL
data_for_algoritm_17140.json,200,101.8325,15000.0,0,91.63,111.134,OK
data_for_algoritm_17143.json,146,3.128112,477.48,0,91.63,3.414,LOW_FILL
data_for_algoritm_17146.json,1001,714.714,10010.0,0,91.63,780.0,OK
data_for_algoritm_17147.json,1001,714.714,10010.0,0,91.63,780.0,OK
data_for_algoritm_17168.json,57,24.391511,15012.0,0,91.63,26.62,OK
data_for_algoritm_17169.json,85,35.795836,22368.0,0,91.63,39.066,OK
data_for_algoritm_17170.json,85,35.795836,22368.0,0,91.63,39.066,OK
data_for_algoritm_17171.json,85,35.795836,22368.0,0,91.63,39.066,OK
data_for_algoritm_17172.json,85,35.795836,22368.0,0,91.63,39.066,OK
data_for_algoritm_17173.json,85,35.795836,22368.0,0,91.63,39.066,OK
data_for_algoritm_17174.json,85,35.795836,22368.0,0,91.63,39.066,OK
data_for_algoritm_17175.json,85,35.795836,22368.0,0,91.63,39.066,OK
data_for_algoritm_17176.json,57,24.391511,15012.0,0,91.63,26.62,OK
data_for_algoritm_17195.json,29,12.987185,7656.0,0,91.63,14.174,OK
data_for_algoritm_17198.json,28,13.012503,7476.0,0,91.63,14.201,OK
data_for_algoritm_17199.json,1101,27.77587,42669.0,0,91.63,30.313,OK
data_for_algoritm_17201.json,1119,28.85587,1119.0,0,91.63,31.492,OK
data_for_algoritm_17203.json,1119,28.85587,1119.0,0,91.63,31.492,OK
data_for_algoritm_17208.json,6,17.8068,2850.0,0,91.63,19.433,OK
data_for_algoritm_17210.json,29,16.575335,8351.0,0,91.63,18.089,OK
data_for_algoritm_17211.json,29,14.748818,8180.0,0,91.63,16.096,OK
data_for_algoritm_17212.json,29,14.748818,8180.0,0,91.63,16.096,OK
data_for_algoritm_17213.json,58,29.497637,16360.0,0,91.63,32.192,OK
data_for_algoritm_17214.json,30,16.743012,8751.0,0,91.63,18.272,OK
data_for_algoritm_17215.json,29,13.443615,7575.0,0,91.63,14.672,OK
data_for_algoritm_17216.json,30,16.743012,8751.0,0,91.63,18.272,OK
data_for_algoritm_17217.json,58,32.583539,16702.0,0,91.63,35.56,OK
data_for_algoritm_17218.json,58,32.673303,16702.0,0,91.63,35.658,OK
data_for_algoritm_17219.json,29,16.336652,8351.0,0,91.63,17.829,OK
data_for_algoritm_17220.json,29,16.336652,8351.0,0,91.63,17.829,OK
data_for_algoritm_17222.json,20,1.78464,34.0,0,91.63,1.948,LOW_FILL
data_for_algoritm_17223.json,20,1.78464,34.0,0,91.63,1.948,LOW_FILL
data_for_algoritm_17224.json,3,12.76904,5720.0,0,91.63,13.935,OK
data_for_algoritm_17225.json,1000,45.4,11700.0,0,91.63,49.547,OK
data_for_algoritm_17226.json,64,23.31,1580.0,0,91.63,25.439,OK
data_for_algoritm_17227.json,64,23.31,1580.0,0,91.63,25.439,OK
data_for_algoritm_17229.json,143,32.425453,89460.4,0,91.63,35.387,OK
data_for_algoritm_17233.json,70,2.787,334.0,0,91.63,3.042,LOW_FILL
data_for_algoritm_17234.json,16,0.88188,64.0,0,91.63,0.962,LOW_FILL
data_for_algoritm_17235.json,28,1.37976,124.0,0,91.63,1.506,LOW_FILL
data_for_algoritm_17238.json,29,1.41504,165.0,0,91.63,1.544,LOW_FILL
data_for_algoritm_17239.json,29,1.41504,165.0,0,91.63,1.544,LOW_FILL
data_for_algoritm_17242.json,41,72.538187,69806.0,0,91.63,79.164,OK
data_for_algoritm_17247.json,41,72.538187,69806.0,0,91.63,79.164,OK
data_for_algoritm_17248.json,181,120.00568,1738.0,0,91.63,130.968,OK
data_for_algoritm_17253.json,146,3.128112,477.48,0,91.63,3.414,LOW_FILL
data_for_algoritm_17254.json,41,72.538187,69806.0,0,91.63,79.164,OK
data_for_algoritm_17255.json,41,72.538187,69806.0,0,91.63,79.164,OK
data_for_algoritm_17260.json,40,1.908,200.0,0,91.63,2.082,LOW_FILL
data_for_algoritm_17261.json,28,1.3356,140.0,0,91.63,1.458,LOW_FILL
data_for_algoritm_17262.json,355,8.760496,2747.0,0,91.63,9.561,OK
data_for_algoritm_17263.json,2,0.213233,31.0,0,91.63,0.233,LOW_FILL
data_for_algoritm_17265.json,100,9.32328,1900.0,0,91.63,10.175,OK
data_for_algoritm_17266.json,57,1.538693,346.92,0,91.63,1.679,LOW_FILL
data_for_algoritm_17267.json,100,9.32328,1900.0,0,91.63,10.175,OK
data_for_algoritm_17268.json,100,9.32328,1900.0,0,91.63,10.175,OK
data_for_algoritm_17271.json,57,1.538693,346.92,0,91.63,1.679,LOW_FILL
data_for_algoritm_17283.json,120,2.983728,440.0,0,91.63,3.256,LOW_FILL
data_for_algoritm_17288.json,10,31.709658,12970.0,0,91.63,34.606,OK
data_for_algoritm_17289.json,10,31.709658,12970.0,0,91.63,34.606,OK
data_for_algoritm_17290.json,143,32.425453,20020.4,0,91.63,35.387,OK
data_for_algoritm_17291.json,143,32.425453,1280.4,0,91.63,35.387,OK
data_for_algoritm_17292.json,143,32.425453,1280.4,0,91.63,35.387,OK
data_for_algoritm_17293.json,143,32.425453,1280.4,0,91.63,35.387,OK
data_for_algoritm_17295.json,143,32.425453,1280.4,0,91.63,35.387,OK
data_for_algoritm_17296.json,143,32.425453,1280.4,0,91.63,35.387,OK
data_for_algoritm_17298.json,355,8.760496,2747.0,0,91.63,9.561,OK
data_for_algoritm_17301.json,2,12.308584,1150.0,0,91.63,13.433,OK
data_for_algoritm_17303.json,750,99.3,4650.0,0,91.63,108.371,OK
data_for_algoritm_17310.json,48,1.020614,1200.0,0,91.63,1.114,LOW_FILL
data_for_algoritm_17320.json,25,1.74912,25.0,0,91.63,1.909,LOW_FILL
data_for_algoritm_17333.json,200,1.7138,152.0,0,91.63,1.87,LOW_FILL
data_for_algoritm_17334.json,450,3.85605,342.0,0,91.63,4.208,LOW_FILL
data_for_algoritm_17335.json,250,2.14225,190.0,0,91.63,2.338,LOW_FILL
data_for_algoritm_17337.json,8,7.745346,616.0,0,91.63,8.453,OK
data_for_algoritm_17339.json,41,112.514852,41.0,0,91.63,122.793,OK
data_for_algoritm_17340.json,47,128.703749,47.0,0,91.63,140.46,OK
data_for_algoritm_17341.json,47,128.703749,47.0,0,91.63,140.46,OK
data_for_algoritm_17342.json,47,128.880063,47.0,0,91.63,140.653,OK
data_for_algoritm_17345.json,25,61.193088,25.0,0,91.63,66.783,OK
data_for_algoritm_17346.json,26,63.401088,26.0,0,91.63,69.193,OK
data_for_algoritm_17347.json,25,61.193088,25.0,0,91.63,66.783,OK
data_for_algoritm_17349.json,37,92.496096,37.0,0,91.63,100.945,OK
data_for_algoritm_17352.json,47,128.880063,47.0,0,91.63,140.653,OK
data_for_algoritm_17354.json,47,128.880063,7050.0,0,91.63,140.653,OK
data_for_algoritm_17361.json,24,22.86,4104.0,0,91.63,24.948,OK
data_for_algoritm_17363.json,6,29.37375,3810.0,0,91.63,32.057,OK
data_for_algoritm_17364.json,29,63.678489,7250.0,0,91.63,69.495,OK
data_for_algoritm_17365.json,29,63.780063,7250.0,0,91.63,69.606,OK
data_for_algoritm_17366.json,29,63.780063,7250.0,0,91.63,69.606,OK
data_for_algoritm_17367.json,29,63.788568,7250.0,0,91.63,69.615,OK
data_for_algoritm_17368.json,29,63.780063,7250.0,0,91.63,69.606,OK
data_for_algoritm_17369.json,29,63.788568,7250.0,0,91.63,69.615,OK
data_for_algoritm_17370.json,28,61.819143,7000.0,0,91.63,67.466,OK
data_for_algoritm_17371.json,28,58.791088,7000.0,0,91.63,64.161,OK
data_for_algoritm_17372.json,28,58.791088,7000.0,0,91.63,64.161,OK
data_for_algoritm_17373.json,31,63.724872,7750.0,0,91.63,69.546,OK
data_for_algoritm_17374.json,28,58.791088,7000.0,0,91.63,64.161,OK
data_for_algoritm_17375.json,31,63.724872,7750.0,0,91.63,69.546,OK
data_for_algoritm_17567.json,1,0.001,10.0,0,91.63,0.001,LOW_FILL
data_for_algoritm_17568.json,2,0.002,20.0,0,91.63,0.002,LOW_FILL
data_for_algoritm_17569.json,10,0.01,100.0,0,91.63,0.011,LOW_FILL
