№,Файл,Название,Длина (мм),Ширина (мм),Высота (мм),Кол-во,Объём 1 шт (м³),Общий объём (м³),Масса (кг),Транспорт
1,data_for_algoritm_15380.json,RM800F,1420,720,600,2,0.6134,1.23,96.0,Европаллета
2,data_for_algoritm_14947.json,D300,630,400,450,4,0.1134,0.45,80.0,Европаллета
3,data_for_algoritm_15792.json,M300MKII,650,380,520,3,0.1284,0.39,88.5,Европаллета
4,data_for_algoritm_15503.json,А145,2800,1800,1450,1,7.308,7.31,1.23,Фургон
5,data_for_algoritm_15486.json,"Нап пивн ESSA АнанасГрейп 6,5% жб 0.45L",390,254,171,1,0.0169,0.02,11.29,Европаллета
6,data_for_algoritm_15444.json,шина,4000,200,200,1,0.16,0.16,100.0,Европаллета
7,data_for_algoritm_15323.json,SAP6600600335,300,190,160,1,0.0091,0.01,0.6,Европаллета
8,data_for_algoritm_17374.json,Гофрокороб N23 (565х380х495),1200,883,2095,2,2.2199,4.44,500.0,Фургон
9,data_for_algoritm_15216.json,201,356,186,205,1,0.0136,0.01,5.15,Европаллета
10,data_for_algoritm_16901.json,Напиток ба LIPTON хол. зеленый чай 0.5L,261,195,227,1,0.0116,0.01,6.47,Европаллета
11,data_for_algoritm_15024.json,Özbekoğlu,1200,1400,2200,1,3.696,3.7,400.0,Фургон
12,data_for_algoritm_14975.json,ПС-2.6,2550,1927,60,1,0.2948,0.29,145.0,Европаллета
13,data_for_algoritm_15217.json,110,236,171,142,2,0.0057,0.01,3.85,Европаллета
14,data_for_algoritm_15483.json,А282,5000,1200,1600,1,9.6,9.6,1000.0,Фургон
15,data_for_algoritm_15489.json,А263,4270,3270,1110,1,15.4988,15.5,2.63,Спецтранспорт
16,data_for_algoritm_17212.json,30. (R13D) Упаковка гранитного пола,1470,1150,265,1,0.448,0.45,100.0,Европаллета
17,data_for_algoritm_14974.json,ПК-05,4244,2400,100,4,1.0186,4.07,2036.8,Фургон
18,data_for_algoritm_15481.json,А351,10990,3430,3010,1,113.4641,113.46,13.18,Спецтранспорт
19,data_for_algoritm_17373.json,Гофрокороб N17 (595х260х500),1200,800,2095,11,2.0112,22.12,2750.0,Фура 13.6 м
20,data_for_algoritm_16900.json,"Молоко PARMALAT Comfort Безлакт 1,8% 1 л",301,236,217,1,0.0154,0.02,12.87,Европаллета
21,data_for_algoritm_15483.json,А311,5040,2540,1260,1,16.13,16.13,1.57,Спецтранспорт
22,data_for_algoritm_17022.json,ступень,3000,300,80,10,0.072,0.72,10.0,Европаллета
23,data_for_algoritm_15834.json,JamLab 6R,490,280,380,1,0.0521,0.05,9.5,Европаллета
24,data_for_algoritm_11834.json,107,236,171,142,2,0.0057,0.01,3.85,Европаллета
25,data_for_algoritm_15455.json,"Нап пив VELKOP KOZEL темн 3,7% жб 0.45L",407,277,172,1,0.0194,0.02,11.56,Европаллета
26,data_for_algoritm_16901.json,Пряники ЯШКИНО Шоколадные 350г,390,300,170,1,0.0199,0.02,3.14,Европаллета
27,data_for_algoritm_16394.json,палета,1200,800,1800,200,1.728,345.6,40000.0,Спецтранспорт
28,data_for_algoritm_15832.json,JamLab 6C,520,290,290,9,0.0437,0.39,67.5,Европаллета
29,data_for_algoritm_15453.json,Сливки BONVIDA стер пит порц 10% 1010г,350,210,113,1,0.0083,0.01,2.38,Европаллета
30,data_for_algoritm_15483.json,А227,4040,2590,1610,1,16.8464,16.85,1.55,Спецтранспорт
31,data_for_algoritm_16330.json,очистка,2300,1750,1300,1,5.2325,5.23,680.0,Фургон
32,data_for_algoritm_15323.json,SAP6600600335,600,300,750,1,0.135,0.14,25.0,Европаллета
33,data_for_algoritm_15217.json,94,236,171,142,3,0.0057,0.02,134.32,Европаллета
34,data_for_algoritm_16732.json,Reference 40MKII,670,490,280,2,0.0919,0.18,20.0,Европаллета
35,data_for_algoritm_15217.json,159,297,166,265,5,0.0131,0.07,88.27,Европаллета
36,data_for_algoritm_16589.json,Grill Cyber 100TH,290,250,510,3,0.037,0.11,30.0,Европаллета
37,data_for_algoritm_16441.json,Редуктор Специальный,1550,1000,1450,4,2.2475,8.99,11.6,Фургон
38,data_for_algoritm_15571.json,Чай GREENFIELD Golden Ceylon черн 25пх2г,175,169,363,1,0.0107,0.01,1.09,Европаллета
39,data_for_algoritm_15082.json,корпус2,1200,400,70,1,0.0336,0.03,30.0,Европаллета
40,data_for_algoritm_17079.json,15.1. Упаковка дверей шахты,2100,1150,1000,3,2.415,7.25,225.0,Фургон
41,data_for_algoritm_17341.json,475х370х785,1200,870,2335,16,2.4377,39.0,16.0,Фура 13.6 м
42,data_for_algoritm_15404.json,Корм дкош WHISKAS желе с кроликом 75г,385,98,143,1,0.0054,0.01,2.33,Европаллета
43,data_for_algoritm_16719.json,60,1650,1100,1450,2,2.6317,5.26,1800.0,Фургон
44,data_for_algoritm_15216.json,68,143,97,180,3,0.0025,0.01,2.49,Европаллета
45,data_for_algoritm_15980.json,M808A,1620,980,490,1,0.7779,0.78,136.0,Европаллета
46,data_for_algoritm_16594.json,Cyber 100TH,570,520,370,3,0.1097,0.33,30.0,Европаллета
47,data_for_algoritm_15481.json,А244,4040,2590,1610,1,16.8464,16.85,1.55,Спецтранспорт
48,data_for_algoritm_15212.json,12,1200,850,470,1,0.4794,0.48,400.0,Европаллета
49,data_for_algoritm_15083.json,Вода АРКТИК пит.прир.н.газ.  2л,200,300,310,40,0.0186,0.74,112.0,Европаллета
50,data_for_algoritm_15487.json,Дп вода ФРУТОНЯНЯ артезианская 5л,300,150,360,1,0.0162,0.02,10.24,Европаллета
51,data_for_algoritm_15975.json,M300MKII,650,380,520,1,0.1284,0.13,29.5,Европаллета
52,data_for_algoritm_15216.json,84,232,167,221,1,0.0086,0.01,2.31,Европаллета
53,data_for_algoritm_15489.json,А266,4270,3230,3010,1,41.5142,41.51,3.93,Спецтранспорт
54,data_for_algoritm_15323.json,SAP6600600335,3040,1150,2040,1,7.1318,7.13,1.5,Фургон
55,data_for_algoritm_16732.json,AMP150,570,500,280,7,0.0798,0.56,70.0,Европаллета
56,data_for_algoritm_15834.json,RM600AMKII-R,740,430,400,5,0.1273,0.64,91.0,Европаллета
57,data_for_algoritm_17069.json,Вода АРКТИК пит.прир.н.газ.  2л,200,300,310,11,0.0186,0.2,22.0,Европаллета
58,data_for_algoritm_16616.json,CASE 5,1200,800,2000,1,1.92,1.92,521.0,Фургон
59,data_for_algoritm_15455.json,"Напиток йог CAMPINA Нежн клуб 0,1% 285г",160,116,190,1,0.0035,0.0,1.86,Европаллета
60,data_for_algoritm_16663.json,rrr2,1250,1005,1800,4,2.2612,9.04,4000.0,Фургон
61,data_for_algoritm_16581.json,Grill Cyber 880I,290,250,510,2,0.037,0.07,20.0,Европаллета
62,data_for_algoritm_15483.json,А132,2400,1600,1600,1,6.144,6.14,1000.0,Фургон
63,data_for_algoritm_15575.json,26338101  26337101 MR Connect T24. Akusto™ Wall C Texona,3800,1200,2300,1,10.488,10.49,681.0,Фургон
64,data_for_algoritm_15215.json,К55 216 ДУБ СФР,2500,175,130,60,0.0569,3.41,960.0,Фургон
65,data_for_algoritm_15458.json,"Нап пив ESSA АнанасГрейпф св 6,5%ст0.45L",354,282,245,1,0.0245,0.02,14.7,Европаллета
66,data_for_algoritm_17298.json,ШИШКИН ЛЕС Вода питьевая 19л,360,563,460,30,0.0932,2.8,570.0,Фургон
67,data_for_algoritm_15503.json,А143,2400,1650,900,1,3.564,3.56,610.0,Фургон
68,data_for_algoritm_15456.json,"Нап пив VELKOP KOZEL темн 3,7% жб 0.45L",407,277,172,1,0.0194,0.02,11.56,Европаллета
69,data_for_algoritm_17081.json,6. Упаковка электропроводки №1,450,400,400,1,0.072,0.07,25.0,Европаллета
70,data_for_algoritm_16732.json,A18-P,700,680,380,1,0.1809,0.18,10.0,Европаллета
71,data_for_algoritm_15603.json,PAREP08L59701,6000,1220,1220,1,8.9304,8.93,3.89,Фургон
72,data_for_algoritm_15483.json,А298,5040,2540,1260,1,16.13,16.13,1000.0,Спецтранспорт
73,data_for_algoritm_16220.json,26300900 Connect Angle Bracket,143,105,107,1,0.0016,0.0,0.4,Европаллета
74,data_for_algoritm_15160.json,Изделие сдоб DELISSE Заряшки слоёные500г,261,194,100,3,0.0051,0.02,3.0,Европаллета
75,data_for_algoritm_15487.json,"Масло подсолн ЛЕНТА раф 1,0л",241,399,290,1,0.0279,0.03,15.0,Европаллета
76,data_for_algoritm_15024.json,AVRASYA ENDÜSTRİ VE TEKNINK HIRDAVAT SANTICLTDŞTİ 4,580,400,270,1,0.0626,0.06,40.0,Европаллета
77,data_for_algoritm_16176.json,26338111 Connect T24 Corridor profile 1600mm,1650,110,95,5,0.0172,0.09,68.0,Европаллета
78,data_for_algoritm_16878.json,А46,1100,950,1100,1,1.1495,1.15,510.0,Европаллета
79,data_for_algoritm_15585.json,11,550,550,460,1,0.1391,0.14,33.0,Европаллета
80,data_for_algoritm_15174.json,7,1350,800,720,1,0.7776,0.78,165.0,Европаллета
81,data_for_algoritm_15483.json,А156,2540,1640,1260,1,5.2487,5.25,635.0,Фургон
82,data_for_algoritm_16176.json,26311286 Connect Hanger clip,140,105,105,1,0.0015,0.0,1.0,Европаллета
83,data_for_algoritm_15483.json,А183,3240,1640,1260,1,6.6951,6.7,1000.0,Фургон
84,data_for_algoritm_17201.json,тетива,4000,300,50,50,0.06,3.0,50.0,Фургон
85,data_for_algoritm_16847.json,А74,1200,1100,800,1,1.056,1.06,400.0,Европаллета
86,data_for_algoritm_17079.json,6. Упаковка электропроводки №1,450,400,400,3,0.072,0.22,75.0,Европаллета
87,data_for_algoritm_15450.json,Ванильный сахар ЛЕНТА 10гр,250,100,160,1,0.004,0.0,0.63,Европаллета
88,data_for_algoritm_15571.json,Чай ЛЕНТА зел. с мятоймелиссой 25пак45г,360,170,173,1,0.0106,0.01,0.88,Европаллета
89,data_for_algoritm_15444.json,Шкаф,1400,800,2400,2,2.688,5.38,1000.0,Фургон
90,data_for_algoritm_15503.json,А173,3200,600,525,1,1.008,1.01,304.0,Европаллета
91,data_for_algoritm_17364.json,Гофрокороб N1 (600х380х500),1200,908,2095,2,2.2827,4.57,500.0,Фургон
92,data_for_algoritm_15571.json,Пиво св VELKOP KOZEL паст. 4% жб 0.45L,407,277,172,1,0.0194,0.02,11.56,Европаллета
93,data_for_algoritm_16929.json,подгуз2,700,350,500,100,0.1225,12.25,1500.0,Фургон
94,data_for_algoritm_16878.json,А17,1050,1450,800,1,1.218,1.22,230.0,Европаллета
95,data_for_algoritm_16594.json,Reference 40MKII,670,490,280,2,0.0919,0.18,20.0,Европаллета
96,data_for_algoritm_15483.json,А293,5040,2540,1260,1,16.13,16.13,1.64,Спецтранспорт
97,data_for_algoritm_15435.json,Hygiene Clinic A T24 PE. Master A T24T15,1220,1220,2370,4,3.5275,14.11,3771.2,Фургон
98,data_for_algoritm_17214.json,17. (R13D) Упаковка лебедки,870,1050,1200,1,1.0962,1.1,490.0,Европаллета
99,data_for_algoritm_17198.json,13. Упаковка канатов,600,600,500,1,0.18,0.18,80.0,Европаллета
100,data_for_algoritm_15217.json,64,155,104,115,3,0.0019,0.01,1.56,Европаллета
101,data_for_algoritm_15159.json,Мюсли ОГО! запеченые орех 350г,240,380,170,1,0.0155,0.02,1.0,Европаллета
102,data_for_algoritm_15361.json,JamLab 6,1070,320,430,1,0.1472,0.15,24.2,Европаллета
103,data_for_algoritm_15453.json,"Пиво св ПШЕНИЧКА МягкПшенНеф4,8%ПЭТ1.5L",345,230,218,1,0.0173,0.02,9.33,Европаллета
104,data_for_algoritm_15455.json,Вода пит СВЯТОЙ ИСТОЧНИК нгаз 5L ПЭТ,306,154,320,2,0.0151,0.03,20.68,Европаллета
105,data_for_algoritm_16901.json,Сахар 1кг,400,250,140,11,0.014,0.15,110.33,Европаллета
106,data_for_algoritm_15173.json,16,7350,1910,2920,1,40.9924,40.99,4.3,Спецтранспорт
107,data_for_algoritm_16824.json,Устройство для удаления стружки,3300,2200,2000,1,14.52,14.52,1000.0,Фургон
108,data_for_algoritm_16789.json,7,880,1230,1800,1,1.9483,1.95,350.0,Фургон
109,data_for_algoritm_17096.json,Насос-автомат «ДЖАМБО» 70 50 Ч-24,270,490,515,50,0.0681,3.41,955.0,Фургон
110,data_for_algoritm_17262.json,ЛИДСКИЙ Квас ХЛЕБНЫЙ ПЭТ 1.5л,200,290,330,50,0.0191,0.96,275.0,Европаллета
111,data_for_algoritm_15523.json,RM600AMKII,1290,490,570,1,0.3603,0.36,33.6,Европаллета
112,data_for_algoritm_11834.json,189,281,185,229,2,0.0119,0.02,11.37,Европаллета
113,data_for_algoritm_15402.json,Прокладки VIVI Comfort Normal Soft,340,326,183,1,0.0203,0.02,1.54,Европаллета
114,data_for_algoritm_17346.json,590х360х200,1200,976,2215,6,2.5942,15.57,6.0,Фургон
115,data_for_algoritm_15575.json,G35446739 Solo Baffleanchor 1800x300x40,2000,800,2370,6,3.792,22.75,135.0,Фура 13.6 м
116,data_for_algoritm_16383.json,Кофе Арабика 1 кг,290,250,220,100,0.0159,1.59,600.0,Европаллета
117,data_for_algoritm_15386.json,коробка,310,240,100,88,0.0074,0.65,880.0,Европаллета
118,data_for_algoritm_15983.json,JamLab 6R,490,280,380,1,0.0521,0.05,9.5,Европаллета
119,data_for_algoritm_16952.json,КРАБ 24,280,570,325,60,0.0519,3.11,414.0,Фургон
120,data_for_algoritm_15454.json,Печенье OREO 228г,394,235,165,1,0.0153,0.02,3.44,Европаллета
121,data_for_algoritm_17074.json,6. Упаковка электропроводки №1,450,400,400,1,0.072,0.07,25.0,Европаллета
122,data_for_algoritm_11834.json,54,142,101,126,2,0.0018,0.0,1.23,Европаллета
123,data_for_algoritm_15571.json,Вода пит. СЕНЕЖСКАЯ прир. нгаз. 1.5L,340,156,235,1,0.0125,0.01,9.36,Европаллета
124,data_for_algoritm_17203.json,ступень,1500,300,80,10,0.036,0.36,10.0,Европаллета
125,data_for_algoritm_15481.json,А21,600,600,850,1,0.306,0.31,187.0,Европаллета
126,data_for_algoritm_17213.json,19. (R13D) Упаковка грузов противовеса,800,1000,140,2,0.112,0.22,2000.0,Фургон
127,data_for_algoritm_15328.json,1.9,1500,1000,1800,1,2.7,2.7,290.0,Фургон
128,data_for_algoritm_16018.json,АЙ - ТЕКО 113,1400,800,2000,4,2.24,8.96,800.0,Фургон
129,data_for_algoritm_15481.json,А352,10990,3430,3010,1,113.4641,113.46,13.18,Спецтранспорт
130,data_for_algoritm_16688.json,"Кривошипы (сланцево-серый RAL 7015, наконечник RAL 3020)",2800,450,210,356,0.2646,94.2,391.6,Спецтранспорт
131,data_for_algoritm_15455.json,Кофе JACOBS Монарх классик нат мол 70г,262,192,160,1,0.008,0.01,1.02,Европаллета
132,data_for_algoritm_17365.json,Гофрокороб N9 (580х380х265),1326,966,2095,2,2.6835,5.37,500.0,Фургон
133,data_for_algoritm_17283.json,ШИШКИН ЛЕС Вода питьевая 19л,360,563,460,10,0.0932,0.93,190.0,Европаллета
134,data_for_algoritm_11834.json,10,159,108,146,1,0.0025,0.0,0.84,Европаллета
135,data_for_algoritm_16220.json,26303777 Connect Adj hanger w. eye 950-1350mm,1100,380,185,1,0.0773,0.08,2.0,Европаллета
136,data_for_algoritm_17175.json,УПАКОВКА ОСВЕЩЕНИЯ ШАХТЫ,1420,660,460,3,0.4311,1.29,150.0,Европаллета
137,data_for_algoritm_14784.json,Масло сливочное,350,300,300,16,0.0315,0.5,320.0,Европаллета
138,data_for_algoritm_15389.json,RM600AMKII,1290,490,570,1,0.3603,0.36,33.6,Европаллета
139,data_for_algoritm_16607.json,Ролик 2622,2712,730,730,13,1.4452,18.79,26.44,Фургон
140,data_for_algoritm_16140.json,2pfohs2l3a-5,1140,860,890,1,0.8726,0.87,160.0,Европаллета
141,data_for_algoritm_15503.json,А56,1300,900,725,1,0.8482,0.85,195.0,Европаллета
142,data_for_algoritm_15160.json,Корм дкош WHISKAS Рагу с инд и крол 75г,385,98,143,2,0.0054,0.01,2.0,Европаллета
143,data_for_algoritm_15503.json,А79,1500,1200,325,1,0.585,0.58,173.0,Европаллета
144,data_for_algoritm_15216.json,67,155,104,115,2,0.0019,0.0,1.04,Европаллета
145,data_for_algoritm_15216.json,180,324,196,311,1,0.0197,0.02,10.61,Европаллета
146,data_for_algoritm_17174.json,УПАКОВКА ПОДВЕСНОГО ПОТОЛКА,2200,380,455,3,0.3804,1.14,150.0,Европаллета
147,data_for_algoritm_15211.json,sd,2250,900,1550,1,3.1387,3.14,1.09,Фургон
148,data_for_algoritm_17292.json,А8,400,400,400,1,0.064,0.06,10.0,Европаллета
149,data_for_algoritm_15404.json,Соус SEN SOY соев Классический столов 1л,260,180,260,1,0.0122,0.01,7.0,Европаллета
150,data_for_algoritm_15405.json,Корм дкош WHISKAS слив.соус лоскрев 75,385,98,143,2,0.0054,0.01,4.65,Европаллета
151,data_for_algoritm_17168.json,УПАКОВКА КОМПЕНСИРУЮЩИХ ЦЕПЕЙ,740,600,430,2,0.1909,0.38,400.0,Европаллета
152,data_for_algoritm_15456.json,Чай GREENFIELD Golden Ceylon черн 25пх2г,175,169,363,1,0.0107,0.01,1.09,Европаллета
153,data_for_algoritm_15571.json,Крекер 365 ДНЕЙ Волшебный калейдоскоп200,380,285,228,1,0.0247,0.02,6.33,Европаллета
154,data_for_algoritm_17254.json,1,3980,570,570,2,1.2931,2.59,2.6,Фургон
155,data_for_algoritm_16901.json,Сливки 365 ДНЕЙ упаст 10% 200г,260,160,130,1,0.0054,0.01,3.81,Европаллета
156,data_for_algoritm_15483.json,А170,3050,3140,3150,1,30.1675,30.17,1.79,Спецтранспорт
157,data_for_algoritm_17365.json,Гофрокороб N13 (560х345х420),1200,800,2095,1,2.0112,2.01,250.0,Фургон
158,data_for_algoritm_15482.json,Кетчуп HEINZ Томатный 320г,276,226,216,1,0.0135,0.01,5.36,Европаллета
159,data_for_algoritm_16162.json,G35421506 Ecophon Focus Ds XL 2400x600x20mm non-standard NCS color,2460,1270,2340,4,7.3106,29.24,86.4,Фура 13.6 м
160,data_for_algoritm_16878.json,А11,1000,1400,1700,1,2.38,2.38,655.0,Фургон
161,data_for_algoritm_16682.json,2,1200,800,1200,1,1.152,1.15,480.0,Европаллета
162,data_for_algoritm_16954.json,Насос погружной «ВОДОМЕТ» 55 90 ок,209,933,141,1,0.0275,0.03,17.7,Европаллета
163,data_for_algoritm_17218.json,2. (R13D) Упаковка балки дверей кабины,2170,490,210,2,0.2233,0.45,60.0,Европаллета
164,data_for_algoritm_17041.json,32H540LB,808,115,505,1,0.0469,0.05,4.0,Европаллета
165,data_for_algoritm_15403.json,Томатная паста 365 ДНЕЙ ТУ 25% 500г,340,170,120,1,0.0069,0.01,6.02,Европаллета
166,data_for_algoritm_15503.json,А194,3500,900,1225,1,3.8588,3.86,316.0,Фургон
167,data_for_algoritm_15486.json,Крупа гречневая 365 ДНЕЙ 1с 800г,360,125,205,1,0.0092,0.01,9.66,Европаллета
168,data_for_algoritm_15173.json,7,1350,800,720,1,0.7776,0.78,165.0,Европаллета
169,data_for_algoritm_16341.json,коробки,1000,350,476,40,0.1666,6.66,920.0,Фургон
170,data_for_algoritm_14809.json,Груз 3,560,320,240,17,0.043,0.73,204.0,Европаллета
171,data_for_algoritm_15487.json,Уксус 365 ДНЕЙ столовый 9% 1л,450,450,280,1,0.0567,0.06,9.36,Европаллета
172,data_for_algoritm_15483.json,А308,5040,2340,1260,1,14.8599,14.86,1000.0,Фургон
173,data_for_algoritm_11834.json,118,256,166,177,1,0.0075,0.01,3.56,Европаллета
174,data_for_algoritm_15215.json,К55 216 ДУБ СФР,2500,175,130,13,0.0569,0.74,208.0,Европаллета
175,data_for_algoritm_15160.json,Огурцы ЛЕНТА маринованные 720мл,290,195,130,1,0.0074,0.01,1.0,Европаллета
176,data_for_algoritm_15487.json,Перец 365 ДНЕЙ смесь 20г,265,110,150,1,0.0044,0.0,1.09,Европаллета
177,data_for_algoritm_15198.json,1,5270,1780,1720,1,16.1346,16.13,2.66,Фургон
178,data_for_algoritm_14993.json,30,400,400,675,100,0.108,10.8,2500.0,Фургон
179,data_for_algoritm_16245.json,G35433423 Ecophon Flexiform Atechwool 2400x600x30mm Write Frost,2460,1290,1500,1,4.7601,4.76,2.0,Фургон
180,data_for_algoritm_15215.json,К55 216 ДУБ СФР,2500,175,130,25,0.0569,1.42,400.0,Европаллета
181,data_for_algoritm_17217.json,31. (R13D) Упаковка лестницы в приямок,2700,285,30,2,0.0231,0.05,22.0,Европаллета
182,data_for_algoritm_15503.json,А32,1000,700,525,1,0.3675,0.37,69.0,Европаллета
183,data_for_algoritm_15915.json,"Пиво светлое ВАРИМ СУСЛО 4,9% ПЭТ 1.5L",345,230,218,1,0.0173,0.02,9.33,Европаллета
184,data_for_algoritm_17173.json,УПАКОВКА ЭЛЕКТРОПРОВОДКИ №1,450,400,400,3,0.072,0.22,75.0,Европаллета
185,data_for_algoritm_15483.json,А210,4040,2040,1260,1,10.3844,10.38,2.87,Фургон
186,data_for_algoritm_17365.json,Гофрокороб N15 (595х240х462),1200,800,2095,4,2.0112,8.04,1000.0,Фургон
187,data_for_algoritm_15406.json,Корм дкош WHISKAS Желе с гов и крол 75г,385,98,143,2,0.0054,0.01,4.65,Европаллета
188,data_for_algoritm_17108.json,16,3100,1350,320,1,1.3392,1.34,220.0,Европаллета
189,data_for_algoritm_15503.json,А114,1750,1150,675,1,1.3584,1.36,260.0,Европаллета
190,data_for_algoritm_17108.json,11,3020,1000,650,1,1.963,1.96,380.0,Фургон
191,data_for_algoritm_16881.json,А52,1200,800,1550,1,1.488,1.49,560.0,Европаллета
192,data_for_algoritm_15481.json,А213,4040,2040,1260,1,10.3844,10.38,2.06,Фургон
193,data_for_algoritm_15217.json,120,256,166,177,1,0.0075,0.01,3.56,Европаллета
194,data_for_algoritm_15217.json,163,297,166,265,5,0.0131,0.07,25.0,Европаллета
195,data_for_algoritm_16952.json,Циркуляционный насос «ЦИРКУЛЬ» 32 60 PREMIUM,200,140,145,4,0.0041,0.02,14.15,Европаллета
196,data_for_algoritm_16575.json,калибр500,800,800,250,1,0.16,0.16,140.0,Европаллета
197,data_for_algoritm_16901.json,Дп сок ЧЕРНОГОЛОВКА БЭЙБИ ябл. осв200мл,360,160,123,1,0.0071,0.01,6.0,Европаллета
198,data_for_algoritm_16892.json,А26,800,550,850,1,0.374,0.37,30.0,Европаллета
199,data_for_algoritm_17096.json,Насос погружной «ВОДОМЕТ» 55 50 ок,209,773,141,60,0.0228,1.37,558.0,Европаллета
200,data_for_algoritm_15160.json,Макароны GRAND DI PASTA Спагетти 450 г,300,135,323,1,0.0131,0.01,1.0,Европаллета
201,data_for_algoritm_15217.json,187,287,222,141,3,0.009,0.03,8.75,Европаллета
202,data_for_algoritm_15161.json,28,1250,950,800,1,0.95,0.95,315.0,Европаллета
203,data_for_algoritm_16878.json,А70,1200,1100,800,1,1.056,1.06,400.0,Европаллета
204,data_for_algoritm_16358.json,4,2840,620,900,1,1.5847,1.58,80.0,Европаллета
205,data_for_algoritm_15361.json,RM600AMKII-C,530,410,310,4,0.0674,0.27,32.0,Европаллета
206,data_for_algoritm_15503.json,А206,4250,2250,2100,1,20.0813,20.08,3.0,Фура 13.6 м
207,data_for_algoritm_15481.json,А233,4040,2040,1260,1,10.3844,10.38,2.54,Фургон
208,data_for_algoritm_15481.json,А210,4040,2040,1260,1,10.3844,10.38,2.87,Фургон
209,data_for_algoritm_17341.json,2000х900,2000,1000,2215,4,4.43,17.72,4.0,Фургон
210,data_for_algoritm_17022.json,поруч,3000,80,88,15,0.0211,0.32,15.0,Европаллета
211,data_for_algoritm_15445.json,Шина,2300,300,300,1,0.207,0.21,210.0,Европаллета
212,data_for_algoritm_15481.json,А100,1830,390,470,1,0.3354,0.34,193.0,Европаллета
213,data_for_algoritm_15915.json,"Пиво св ОХОТА Крепкое паст8,1% ПЭТ 1.25L",250,250,340,1,0.0213,0.02,12.4,Европаллета
214,data_for_algoritm_17081.json,12. Упаковка противовеса,3200,250,260,1,0.208,0.21,75.0,Европаллета
215,data_for_algoritm_15504.json,Зубная паста,250,200,180,80,0.009,0.72,120.0,Европаллета
216,data_for_algoritm_15216.json,12,159,108,146,1,0.0025,0.0,0.84,Европаллета
217,data_for_algoritm_16960.json,в,310,640,510,1,0.1012,0.1,3.0,Европаллета
218,data_for_algoritm_15217.json,179,324,196,311,2,0.0197,0.04,33.42,Европаллета
219,data_for_algoritm_15159.json,Корм дкотят WHISKAS Паштет с куриц 75г,385,98,143,2,0.0054,0.01,2.0,Европаллета
220,data_for_algoritm_17367.json,Гофрокороб N19 (595х240х685),1200,800,2095,2,2.0112,4.02,500.0,Фургон
221,data_for_algoritm_14457.json,К55 216 ДУБ СФР,2200,175,250,3,0.0963,0.29,48.0,Европаллета
222,data_for_algoritm_15217.json,103,236,171,112,1,0.0045,0.0,27.03,Европаллета
223,data_for_algoritm_15503.json,А5,600,400,275,1,0.066,0.07,35.0,Европаллета
224,data_for_algoritm_15456.json,"Напол-ль дктуал 365 ДНЕЙ древ 6,5л 4кг",470,220,100,1,0.0103,0.01,4.0,Европаллета
225,data_for_algoritm_16881.json,А41,1100,950,1100,1,1.1495,1.15,530.0,Европаллета
226,data_for_algoritm_17173.json,УПАКОВКА БЫЛКИ ДВЕРЕЙ КАБИНЫ,2170,490,210,3,0.2233,0.67,90.0,Европаллета
227,data_for_algoritm_17171.json,УПАКОВКА ПОДСТАВОК ПОД КАБИНУ И ПРОТИВОВЕС,1290,530,660,3,0.4512,1.35,300.0,Европаллета
228,data_for_algoritm_15483.json,А202,3240,1640,1260,1,6.6951,6.7,652.0,Фургон
229,data_for_algoritm_16878.json,А44,1100,950,1100,1,1.1495,1.15,300.0,Европаллета
230,data_for_algoritm_15160.json,Огурчики ДЯДЯ ВАНЯ по-берлински 680г,340,190,145,2,0.0094,0.02,2.0,Европаллета
231,data_for_algoritm_15456.json,Лапша DOSHIRAK Чан Рамен с остр гов 120г,385,285,135,1,0.0148,0.01,2.73,Европаллета
232,data_for_algoritm_16726.json,Короб Basir 12,520,400,360,1,0.0749,0.07,12.0,Европаллета
233,data_for_algoritm_11834.json,36,155,104,115,2,0.0019,0.0,1.05,Европаллета
234,data_for_algoritm_16846.json,А79,1300,1100,840,1,1.2012,1.2,1000.0,Европаллета
235,data_for_algoritm_15571.json,Печенье ЛЮБЯТОВО Топленое молоко 267г,358,210,182,1,0.0137,0.01,4.32,Европаллета
236,data_for_algoritm_17074.json,28. (R05W) Упаковка ограждений на крыше,870,60,745,1,0.0389,0.04,9.0,Европаллета
237,data_for_algoritm_15941.json,G35597480 Gedina A T15T24 NE,1220,1220,2600,1,3.8698,3.87,18.0,Фургон
238,data_for_algoritm_16901.json,"Молоко PARMALAT Comfort Безлакт 1,8% 1 л",301,236,217,1,0.0154,0.02,12.87,Европаллета
239,data_for_algoritm_17174.json,УПАКОВКА ПОДСТАВОК ПОД КАБИНУ И ПРОТИВОВЕС,1290,530,660,3,0.4512,1.35,300.0,Европаллета
240,data_for_algoritm_15453.json,Изд слоен DELISSE Штрудельки с ябл. 315г,255,175,45,1,0.002,0.0,0.38,Европаллета
241,data_for_algoritm_15481.json,А205,3400,2150,1080,1,7.8948,7.89,1.27,Фургон
242,data_for_algoritm_16004.json,Зеркало Гримерное настольное черное 800х700 (11 ламп),50,880,780,1,0.0343,0.03,9.5,Европаллета
243,data_for_algoritm_15483.json,А266,4270,3230,3010,1,41.5142,41.51,3.93,Спецтранспорт
244,data_for_algoritm_15160.json,Горошек зел ЛЕНТА 425мл,340,255,87,1,0.0075,0.01,1.0,Европаллета
245,data_for_algoritm_17369.json,Гофрокороб N15 (595х240х462),1200,800,2095,5,2.0112,10.06,1250.0,Фургон
246,data_for_algoritm_15161.json,23,4080,1710,2250,1,15.6978,15.7,3.22,Фургон
247,data_for_algoritm_16174.json,26303776 Connect Adj hanger w. eye 540-950mm,570,390,200,1,0.0445,0.04,1.0,Европаллета
248,data_for_algoritm_15160.json,Корм дкош KITEKAT вк гов в соусе 85г,385,98,143,1,0.0054,0.01,1.0,Европаллета
249,data_for_algoritm_15159.json,Корм дкош KITEKAT вк гов в соусе 85г,385,98,143,1,0.0054,0.01,1.0,Европаллета
250,data_for_algoritm_17168.json,УПАКОВКА БЫЛКИ ДВЕРЕЙ КАБИНЫ,2170,490,210,2,0.2233,0.45,60.0,Европаллета
251,data_for_algoritm_17210.json,11. (R13D) Упаковка освещения шахты,1420,660,860,1,0.806,0.81,80.0,Европаллета
252,data_for_algoritm_17289.json,11,1300,1000,1000,1,1.3,1.3,230.0,Европаллета
253,data_for_algoritm_15454.json,Смесь на 2е MAGGI дгречки 41г,120,130,155,1,0.0024,0.0,0.61,Европаллета
254,data_for_algoritm_15160.json,Корм дкош WHISKAS Рагу с телятиной 75г,385,98,143,1,0.0054,0.01,1.0,Европаллета
255,data_for_algoritm_17213.json,15. (R13D) Упаковка дверей шахты,2100,1150,1000,2,2.415,4.83,150.0,Фургон
256,data_for_algoritm_15216.json,89,241,181,157,1,0.0068,0.01,1.89,Европаллета
257,data_for_algoritm_15481.json,А138,2540,1640,1260,1,5.2487,5.25,635.0,Фургон
258,data_for_algoritm_15211.json,3,1600,1900,1500,1,4.56,4.56,358.0,Фургон
259,data_for_algoritm_15211.json,67,560,800,1400,2,0.6272,1.25,460.0,Европаллета
260,data_for_algoritm_15489.json,А341,10230,2830,3460,1,100.1701,100.17,5.55,Спецтранспорт
261,data_for_algoritm_16878.json,А89,1300,900,1000,1,1.17,1.17,480.0,Европаллета
262,data_for_algoritm_15403.json,Корм дкотят WHISKAS Рагу с ягненком 75г,385,98,143,1,0.0054,0.01,2.33,Европаллета
263,data_for_algoritm_15503.json,А166,3000,2200,1650,1,10.89,10.89,1.71,Фургон
264,data_for_algoritm_15079.json,корпус2,1200,400,70,1,0.0336,0.03,30.0,Европаллета
265,data_for_algoritm_15216.json,120,256,166,177,1,0.0075,0.01,3.56,Европаллета
266,data_for_algoritm_16900.json,КОНФЕТЫ KDV КРОКАНТ ВЕС,390,300,150,1,0.0175,0.02,5.42,Европаллета
267,data_for_algoritm_17234.json,кашпо,600,400,400,4,0.096,0.38,4.0,Европаллета
268,data_for_algoritm_16176.json,G35421503 Ecophon Focus Ds XL 1600x600x20mm Write Frost,2460,1270,2310,1,7.2169,7.22,11.0,Фургон
269,data_for_algoritm_15568.json,Лапша бп БИГ ЛАНЧ с гов в ост соусе 90г,185,500,400,1,0.037,0.04,3.1,Европаллета
270,data_for_algoritm_15483.json,А46,1030,540,500,1,0.2781,0.28,33.0,Европаллета
271,data_for_algoritm_16174.json,G35421506 Ecophon Focus Ds XL 2400x600x20mm non-standard NCS color,2460,1270,2340,4,7.3106,29.24,86.4,Фура 13.6 м
272,data_for_algoritm_15503.json,А43,1050,700,375,1,0.2756,0.28,122.0,Европаллета
273,data_for_algoritm_15571.json,Дез-т-антип NIVEA Нев Защ Черн Бел Спрей,278,98,190,1,0.0052,0.01,1.69,Европаллета
274,data_for_algoritm_16847.json,А76,1250,900,1600,1,1.8,1.8,135.0,Фургон
275,data_for_algoritm_15406.json,Печенье ЛЕНТА Венское 500г,200,153,60,2,0.0018,0.0,1.08,Европаллета
276,data_for_algoritm_16036.json,Вода АРКТИК пит.прир.н.газ.  2л,200,300,310,40,0.0186,0.74,112.0,Европаллета
277,data_for_algoritm_17078.json,7. Упаковка электропроводки №2 (до 65 м),1000,1000,400,2,0.4,0.8,140.0,Европаллета
278,data_for_algoritm_16176.json,G35421504 Ecophon Focus Ds XL 1800x600x20mm Write Frost,2280,1290,2310,3,6.7942,20.38,48.6,Фура 13.6 м
279,data_for_algoritm_15215.json,К55 216 ДУБ СФР,2200,175,250,30,0.0963,2.89,480.0,Фургон
280,data_for_algoritm_11834.json,153,289,163,261,2,0.0123,0.02,89.56,Европаллета
281,data_for_algoritm_17078.json,26.1. Упаковка обрамлений,2200,380,455,2,0.3804,0.76,100.0,Европаллета
282,data_for_algoritm_15275.json,колеса,1350,1350,350,39,0.6379,24.88,2223.0,Фура 13.6 м
283,data_for_algoritm_15215.json,К55 216 ДУБ СФР,3000,175,250,13,0.1313,1.71,182.0,Фургон
284,data_for_algoritm_17352.json,475х370х785,1200,870,2335,16,2.4377,39.0,16.0,Фура 13.6 м
285,data_for_algoritm_15483.json,А192,3240,1640,1260,1,6.6951,6.7,1.03,Фургон
286,data_for_algoritm_17212.json,19. (R13D) Упаковка грузов противовеса,800,1000,140,1,0.112,0.11,1000.0,Европаллета
287,data_for_algoritm_15406.json,"Корм дсоб PEDIGREE Говяд всех пор2,2кг",295,235,290,1,0.0201,0.02,6.68,Европаллета
288,data_for_algoritm_16544.json,ДВ КС 800Х800. КРЫШКИ 800Х800,1100,1200,1900,6,2.508,15.05,1500.0,Фургон
289,data_for_algoritm_15211.json,i,350,1500,2100,1,1.1025,1.1,3.0,Европаллета
290,data_for_algoritm_15503.json,А135,2350,800,700,1,1.316,1.32,322.0,Европаллета
291,data_for_algoritm_16657.json,Нижняя головка шатуна  с крепежом (сланцево-серый RAL 7015),460,400,80,356,0.0147,5.24,14240.0,Фура 13.6 м
292,data_for_algoritm_15941.json,G35421500 Focus Ds 1200x600,1250,1230,2140,7,3.2902,23.03,119.0,Фура 13.6 м
293,data_for_algoritm_15454.json,Кофе JACOBS Монарх классик нат мол 70г,262,192,160,1,0.008,0.01,1.02,Европаллета
294,data_for_algoritm_16954.json,Насос поверхностный «ДЖАМБО» 60 35 Ч,193,215,388,7,0.0161,0.11,67.2,Европаллета
295,data_for_algoritm_17370.json,Гофрокороб N2 (600х380х380),1200,800,2095,1,2.0112,2.01,250.0,Фургон
296,data_for_algoritm_16068.json,ОПАЛУБКА2,3300,500,30,19,0.0495,0.94,1767.0,Фургон
297,data_for_algoritm_17260.json,тортница,300,300,530,40,0.0477,1.91,200.0,Фургон
298,data_for_algoritm_11834.json,129,206,183,184,1,0.0069,0.01,44.78,Европаллета
299,data_for_algoritm_16026.json,7,1200,1900,1650,1,3.762,3.76,244.0,Фургон
300,data_for_algoritm_15324.json,SAP6600600335,1190,990,780,1,0.9189,0.92,79.0,Европаллета
301,data_for_algoritm_15406.json,Соус SEN SOY соев Классический столов 1л,260,180,260,1,0.0122,0.01,7.0,Европаллета
302,data_for_algoritm_15402.json,Корм PURINA ONE дкрасивой шерсти 750г,400,300,217,1,0.026,0.03,6.6,Европаллета
303,data_for_algoritm_15328.json,4,2800,700,800,1,1.568,1.57,250.0,Европаллета
304,data_for_algoritm_15453.json,"Молоко ЛЕНТА уп пит топлен 3,2% 950мл",301,236,224,1,0.0159,0.02,12.0,Европаллета
305,data_for_algoritm_15613.json,JamLab 6C,520,290,290,20,0.0437,0.87,150.0,Европаллета
306,data_for_algoritm_15916.json,Вода мин. ЭДЕЛЬВЕЙС леч-стол.газ.1.5L,280,188,336,1,0.0177,0.02,9.28,Европаллета
307,data_for_algoritm_15483.json,А150,2540,2540,1260,1,8.129,8.13,1.26,Спецтранспорт
308,data_for_algoritm_16410.json,ПС-63,7690,960,120,1,0.8859,0.89,525.0,Европаллета
309,data_for_algoritm_15483.json,А35,690,340,240,1,0.0563,0.06,25.0,Европаллета
310,data_for_algoritm_15571.json,Лапша DOSHIRAK Чан Рамен с остр гов 120г,385,285,135,1,0.0148,0.01,2.73,Европаллета
311,data_for_algoritm_17212.json,28. (R13D) Упаковка ограждений на крыше,1380,60,785,1,0.065,0.06,14.0,Европаллета
312,data_for_algoritm_17175.json,УПАКОВКА ПРОТИВОВЕСА,3200,250,260,3,0.208,0.62,225.0,Европаллета
313,data_for_algoritm_15519.json,RM600AMKII,1290,490,570,1,0.3603,0.36,33.6,Европаллета
314,data_for_algoritm_15159.json,Корм дкош WHISKAS Рагу форель и лос 75г,385,98,143,2,0.0054,0.01,2.0,Европаллета
315,data_for_algoritm_15217.json,87,180,174,162,4,0.0051,0.02,9.22,Европаллета
316,data_for_algoritm_15823.json,JamLab 6R,490,280,380,1,0.0521,0.05,9.5,Европаллета
317,data_for_algoritm_15082.json,корпус3,1800,720,180,1,0.2333,0.23,38.0,Европаллета
318,data_for_algoritm_11834.json,59,182,72,122,2,0.0016,0.0,1.3,Европаллета
319,data_for_algoritm_16317.json,Место 13,3800,650,900,1,2.223,2.22,234.0,Фургон
320,data_for_algoritm_15406.json,Зефир ШАРМЭЛЬ с ароматом ванили 255г,400,300,193,1,0.0232,0.02,3.84,Европаллета
321,data_for_algoritm_15568.json,Сливки BONVIDA стер пит порц 10% 1010г,350,210,113,1,0.0083,0.01,2.38,Европаллета
322,data_for_algoritm_15455.json,Кофе JARDIN амер.крема мол.жар.прем 250г,184,184,266,1,0.009,0.01,3.32,Европаллета
323,data_for_algoritm_16958.json,п,530,600,170,1,0.0541,0.05,3.0,Европаллета
324,data_for_algoritm_16916.json,3175,2250,1150,400,12,1.035,12.42,720.0,Фургон
325,data_for_algoritm_11834.json,159,297,166,265,5,0.0131,0.07,88.27,Европаллета
326,data_for_algoritm_15216.json,9,159,108,146,1,0.0025,0.0,0.84,Европаллета
327,data_for_algoritm_15452.json,"Пиво св ОХОТА Крепкое паст8,1% ПЭТ 1.25L",250,250,340,1,0.0213,0.02,12.4,Европаллета
328,data_for_algoritm_17374.json,Гофрокороб N15 (595х240х462),1200,800,2095,1,2.0112,2.01,250.0,Фургон
329,data_for_algoritm_15045.json,Seramix 3,1770,1770,1680,1,5.2633,5.26,965.0,Фургон
330,data_for_algoritm_16657.json,"Сектор с рукояткой для торможения редуктора, горизонтальная и вертикальная тяга из нержавеющей стали, промежуточная опора (сланцево-серый RAL 7015)",1880,1300,120,178,0.2933,52.2,17800.0,Спецтранспорт
331,data_for_algoritm_15451.json,"Молоко ЭКОНИВА упастер 3,2% 1л",360,195,215,1,0.0151,0.02,12.71,Европаллета
332,data_for_algoritm_16935.json,8080,600,500,620,5,0.186,0.93,235.0,Европаллета
333,data_for_algoritm_15405.json,Корм дкош WHISKAS Паштет инд крол 75г,385,98,143,2,0.0054,0.01,4.03,Европаллета
334,data_for_algoritm_15080.json,шкафкорпус,2200,600,120,1,0.1584,0.16,52.0,Европаллета
335,data_for_algoritm_16140.json,gr2,11400,1210,450,1,6.2073,6.21,1000.0,Фургон
336,data_for_algoritm_16616.json,CASE 2,1200,800,2000,1,1.92,1.92,216.0,Фургон
337,data_for_algoritm_15079.json,корпус4,380,420,50,1,0.008,0.01,4.0,Европаллета
338,data_for_algoritm_16588.json,Die Walkure,680,820,570,1,0.3178,0.32,10.0,Европаллета
339,data_for_algoritm_15483.json,А141,2540,2540,1260,1,8.129,8.13,1.26,Спецтранспорт
340,data_for_algoritm_15503.json,А221,4500,900,1225,1,4.9612,4.96,377.0,Фургон
341,data_for_algoritm_15324.json,SAP6600600335,850,350,370,1,0.1101,0.11,18.0,Европаллета
342,data_for_algoritm_16574.json,двигатель,1400,700,1200,1,1.176,1.18,1.5,Европаллета
343,data_for_algoritm_15453.json,Печенье ЮБИЛЕЙНОЕ Витам.традиционное268г,240,570,180,1,0.0246,0.02,7.03,Европаллета
344,data_for_algoritm_15503.json,А11,700,700,625,1,0.3063,0.31,191.0,Европаллета
345,data_for_algoritm_15455.json,"Напол-ль дктуал 365 ДНЕЙ древ 6,5л 4кг",470,220,100,1,0.0103,0.01,4.0,Европаллета
346,data_for_algoritm_15469.json,"Напол-ль дктуал 365 ДНЕЙ древ 6,5л 4кг",470,220,100,2,0.0103,0.02,8.0,Европаллета
347,data_for_algoritm_16895.json,кровати,1200,910,150,200,0.1638,32.76,12000.0,Фура 13.6 м
348,data_for_algoritm_14942.json,JamLab 6,1070,320,430,10,0.1472,1.47,242.0,Европаллета
349,data_for_algoritm_15481.json,А32,690,340,240,1,0.0563,0.06,32.0,Европаллета
350,data_for_algoritm_16259.json,А6,400,400,400,1,0.064,0.06,10.0,Европаллета
351,data_for_algoritm_16892.json,А36,900,850,365,1,0.2792,0.28,65.0,Европаллета
352,data_for_algoritm_15503.json,А198,3500,900,1225,1,3.8588,3.86,316.0,Фургон
353,data_for_algoritm_15454.json,Дп пюре ФРУТОНЯНЯ яблземежовс печ90г,415,75,185,1,0.0058,0.01,1.3,Европаллета
354,data_for_algoritm_15342.json,холодильник,700,700,2000,200,0.98,196.0,14000.0,Спецтранспорт
355,data_for_algoritm_16790.json,3,820,560,1390,1,0.6383,0.64,162.0,Европаллета
356,data_for_algoritm_15078.json,корпус5,960,480,220,1,0.1014,0.1,40.0,Европаллета
357,data_for_algoritm_17103.json,А24,3870,2250,1456,1,12.6781,12.68,1.57,Фургон
358,data_for_algoritm_15483.json,А344,10230,2830,3460,1,100.1701,100.17,5.55,Спецтранспорт
359,data_for_algoritm_15482.json,Вода пит. ШИШКИН ЛЕС нгаз. 1.75L,425,186,280,1,0.0221,0.02,14.37,Европаллета
360,data_for_algoritm_17080.json,1. (R05W) Упаковка каркаса кабины,1480,1380,775,1,1.5829,1.58,300.0,Европаллета
361,data_for_algoritm_16546.json,13,7750,1030,1400,1,11.1755,11.18,2.4,Фургон
362,data_for_algoritm_16088.json,G35446739 Solo Baffleanchor  1800x300x40,2000,800,1000,1,1.6,1.6,7.0,Европаллета
363,data_for_algoritm_15487.json,"Пиво ХАМОВНИКИ Венское св 4,5% ст 0.47L",365,285,280,1,0.0291,0.03,17.0,Европаллета
364,data_for_algoritm_15483.json,А352,10990,3430,3010,1,113.4641,113.46,13.18,Спецтранспорт
365,data_for_algoritm_14941.json,D3.2R,440,400,440,10,0.0774,0.77,135.0,Европаллета
366,data_for_algoritm_15481.json,А258,4250,3200,3020,1,41.072,41.07,7.7,Спецтранспорт
367,data_for_algoritm_16863.json,А9,8000,1500,1240,1,14.88,14.88,1.95,Фургон
368,data_for_algoritm_16245.json,26311286 Connect Hanger clip,140,105,105,1,0.0015,0.0,1.0,Европаллета
369,data_for_algoritm_15915.json,Сок ЛЕНТА гранатовый прямой отжим 1L,390,190,240,1,0.0178,0.02,12.0,Европаллета
370,data_for_algoritm_15212.json,66,2400,1400,2450,1,8.232,8.23,1.15,Фургон
371,data_for_algoritm_15915.json,Сахар 1кг,400,250,140,12,0.014,0.17,120.36,Европаллета
372,data_for_algoritm_16552.json,ЦСП,2550,1300,700,1,2.3205,2.32,1.0,Фургон
373,data_for_algoritm_17214.json,19. (R13D) Упаковка грузов противовеса,800,1000,140,1,0.112,0.11,1000.0,Европаллета
374,data_for_algoritm_16878.json,А22,1100,950,1100,1,1.1495,1.15,370.0,Европаллета
375,data_for_algoritm_16251.json,с ноутом,450,600,670,1,0.1809,0.18,30.0,Европаллета
376,data_for_algoritm_14974.json,ПС-17,4111,1800,100,1,0.74,0.74,353.45,Европаллета
377,data_for_algoritm_15402.json,Корм дкошек KITEKAT вк ягн в соусе 85г,385,98,143,1,0.0054,0.01,2.6,Европаллета
378,data_for_algoritm_15568.json,Сковорода TEFAL Pro Cook 28см ап,600,360,210,1,0.0454,0.05,8.5,Европаллета
379,data_for_algoritm_15481.json,А19,600,600,850,1,0.306,0.31,187.0,Европаллета
380,data_for_algoritm_15571.json,ШАМПУНЬ CLEAR 2В1 АКТИВ СПОРТ М 400МЛ,273,183,227,1,0.0113,0.01,5.65,Европаллета
381,data_for_algoritm_15077.json,корпус2,1200,400,70,7,0.0336,0.24,210.0,Европаллета
382,data_for_algoritm_15349.json,JamLab 6R,490,280,380,14,0.0521,0.73,133.0,Европаллета
383,data_for_algoritm_16952.json,Насос погружной «ФЕКАЛЬНИК» 200 7 Н,180,220,340,5,0.0135,0.07,28.0,Европаллета
384,data_for_algoritm_16496.json,SUB10G,450.0,440.0,470.0,10.0,0.0931,0.93,215.0,Европаллета
385,data_for_algoritm_16174.json,G35421501 Ecophon Focus Ds 1200х600х20mm (10720),1280,1220,2400,1,3.7478,3.75,17.0,Фургон
386,data_for_algoritm_16954.json,Расширительный бак В 14,250,250,380,60,0.0238,1.43,150.0,Европаллета
387,data_for_algoritm_17215.json,14.1. Упаковка Шкив противовеса буфферы подвеска тяговых канатов,1290,460,660,1,0.3916,0.39,100.0,Европаллета
388,data_for_algoritm_15402.json,Корм дкотят WHISKAS Рагу с ягненком 75г,385,98,143,1,0.0054,0.01,2.33,Европаллета
389,data_for_algoritm_16827.json,Фрезерно-Расточной станок  TK9211B с ЧПУ,3290,2186,2339,1,16.8219,16.82,9.0,Фургон
390,data_for_algoritm_15481.json,А208,4040,2040,1260,1,10.3844,10.38,2.06,Фургон
391,data_for_algoritm_15537.json,JamLab 6R,490,280,380,9,0.0521,0.47,85.5,Европаллета
392,data_for_algoritm_15082.json,корпус3,1800,720,180,1,0.2333,0.23,38.0,Европаллета
393,data_for_algoritm_16953.json,6,2000,300,3100,45,1.86,83.7,36000.0,Спецтранспорт
394,data_for_algoritm_11834.json,28,203,75,123,1,0.0019,0.0,0.73,Европаллета
395,data_for_algoritm_17220.json,22. (R13D) Упаковка направляющих противовеса и кабины,5000,300,250,1,0.375,0.38,4.0,Европаллета
396,data_for_algoritm_17364.json,Гофрокороб N15 (595х240х462),1200,800,2095,1,2.0112,2.01,250.0,Фургон
397,data_for_algoritm_15481.json,А322,6040,2040,1260,1,15.5252,15.53,1000.0,Фургон
398,data_for_algoritm_16615.json,CASE 5,1200,800,2000,1,1.92,1.92,521.0,Фургон
399,data_for_algoritm_16952.json,Расширительный бак В 18,270,270,410,50,0.0299,1.49,145.0,Европаллета
400,data_for_algoritm_15212.json,2,550,650,2300,1,0.8223,0.82,173.0,Европаллета
401,data_for_algoritm_16245.json,G35433420 Flexiform Atechwool 1200x600x30,2280,1220,2350,1,6.5368,6.54,6.0,Фургон
402,data_for_algoritm_16174.json,G35421503 Ecophon Focus Ds XL 1600x600x20mm Write Frost,2460,1270,2310,17,7.2169,122.69,241.4,Спецтранспорт
403,data_for_algoritm_15404.json,Корм дкош WHISKAS Рагу с инд и крол 75г,385,98,143,2,0.0054,0.01,4.65,Европаллета
404,data_for_algoritm_16037.json,ЛИДСКИЙ Квас ХЛЕБНЫЙ ПЭТ 1.5л,200,290,330,50,0.0191,0.96,275.0,Европаллета
405,data_for_algoritm_17213.json,30. (R13D) Упаковка гранитного пола,1470,1150,265,2,0.448,0.9,200.0,Европаллета
406,data_for_algoritm_16148.json,26300340 Профиль Flexiform 0340,2400,15,15,576,0.0005,0.31,230.4,Европаллета
407,data_for_algoritm_16881.json,А74,1200,1100,800,1,1.056,1.06,360.0,Европаллета
408,data_for_algoritm_16222.json,26338112 Connect T24 Corridor profile 1800mm,1851,114,96,1,0.0203,0.02,7.0,Европаллета
409,data_for_algoritm_16878.json,А66,1200,900,750,1,0.81,0.81,320.0,Европаллета
410,data_for_algoritm_15999.json,Зеркало Гримерное напольное белое 60х175 (20 ламп),50,680,1830,3,0.0622,0.19,49.5,Европаллета
411,data_for_algoritm_15405.json,Жмыло AURA Ромашка с антибак. эфф500мл,360,220,295,1,0.0234,0.02,6.8,Европаллета
412,data_for_algoritm_15481.json,А237,4040,2040,1260,1,10.3844,10.38,2.04,Фургон
413,data_for_algoritm_16901.json,Вода пит СВЯТОЙ ИСТОЧНИК нгаз 5L ПЭТ,306,154,320,3,0.0151,0.05,31.02,Европаллета
414,data_for_algoritm_16727.json,деревянный ящик,1000,900,800,12,0.72,8.64,1140.0,Фургон
415,data_for_algoritm_15458.json,"Молоко 365 ДНЕЙ упаст. 2,5% ТФА 900мл",420,240,200,1,0.0202,0.02,11.4,Европаллета
416,data_for_algoritm_16043.json,ШИШКИН ЛЕС Вода питьевая 19л,360,563,460,30,0.0932,2.8,570.0,Фургон
417,data_for_algoritm_16881.json,А36,1100,950,1100,1,1.1495,1.15,320.0,Европаллета
418,data_for_algoritm_11834.json,7,159,108,146,1,0.0025,0.0,0.84,Европаллета
419,data_for_algoritm_16072.json,опалубка,3300,1200,100,285,0.396,112.86,47025.0,Спецтранспорт
420,data_for_algoritm_15968.json,АЙ - ТЕКО 113,1400,800,2000,4,2.24,8.96,800.0,Фургон
421,data_for_algoritm_15483.json,А143,2540,1640,1260,1,5.2487,5.25,550.0,Фургон
422,data_for_algoritm_16935.json,8074,610,1100,1600,30,1.0736,32.21,3060.0,Фура 13.6 м
423,data_for_algoritm_16218.json,G35421504 Ecophon Focus Ds XL 1800x600x20mm Write Frost,2280,1290,2310,3,6.7942,20.38,48.6,Фура 13.6 м
424,data_for_algoritm_17095.json,Д,4400,1600,1400,3,9.856,29.57,2100.0,Фура 13.6 м
425,data_for_algoritm_16958.json,р,510,510,1080,1,0.2809,0.28,5.0,Европаллета
426,data_for_algoritm_16958.json,х,670,590,2040,1,0.8064,0.81,50.0,Европаллета
427,data_for_algoritm_15483.json,А201,3240,1640,1260,1,6.6951,6.7,652.0,Фургон
428,data_for_algoritm_17215.json,10. Упаковка оборудования МП...,1290,530,660,1,0.4512,0.45,160.0,Европаллета
429,data_for_algoritm_17108.json,8,4530,560,440,1,1.1162,1.12,90.0,Европаллета
430,data_for_algoritm_15457.json,Драже M&MS С арахисом 360г,384,194,182,1,0.0136,0.01,5.48,Европаллета
431,data_for_algoritm_15216.json,166,297,166,265,2,0.0131,0.03,35.31,Европаллета
432,data_for_algoritm_15916.json,Дп каша ФРУТОНЯНЯ мол-овс с банан 200мл,254,174,114,1,0.005,0.01,4.03,Европаллета
433,data_for_algoritm_17217.json,7. (R13D) Упаковка электропроводки №2,1200,1200,400,2,0.576,1.15,180.0,Европаллета
434,data_for_algoritm_16326.json,Камнеот,2600,1800,2300,1,10.764,10.76,900.0,Фургон
435,data_for_algoritm_15217.json,105,236,171,112,2,0.0045,0.01,66.48,Европаллета
436,data_for_algoritm_15489.json,А336,6550,3310,3010,1,65.2583,65.26,19.4,Спецтранспорт
437,data_for_algoritm_16159.json,G35421505 Ecophon Focus Ds XL 2000x600x20mm non-standard NCS color,2280,1290,2340,1,6.8824,6.88,18.0,Фургон
438,data_for_algoritm_15486.json,Мука MAKFA пшеничная вс 2кг,390,215,200,1,0.0168,0.02,12.03,Европаллета
439,data_for_algoritm_15482.json,Пиво EFES Pilsener СвПаст 5% ст 0.45L,350,272,251,1,0.0239,0.02,14.65,Европаллета
440,data_for_algoritm_15451.json,Изд слоен DELISSE Штрудельки с ябл. 315г,255,175,45,1,0.002,0.0,0.38,Европаллета
441,data_for_algoritm_14942.json,RM600AMKII-C,530,410,310,5,0.0674,0.34,40.0,Европаллета
442,data_for_algoritm_15159.json,Макароны ШЕБЕКИНСКИЕ Рожок №202 450г,300,135,280,1,0.0113,0.01,1.0,Европаллета
443,data_for_algoritm_15503.json,А144,2400,1650,900,1,3.564,3.56,610.0,Фургон
444,data_for_algoritm_17168.json,УПАКОВКА ЛЕСТНИЦЫ В ПРИЯМОК,2700,285,30,2,0.0231,0.05,22.0,Европаллета
445,data_for_algoritm_15215.json,К55 216 ДУБ СФР,2200,175,250,3,0.0963,0.29,42.0,Европаллета
446,data_for_algoritm_17077.json,6. Упаковка электропроводки №1,450,400,400,1,0.072,0.07,25.0,Европаллета
447,data_for_algoritm_16899.json,Лапша бп ДОШИРАК со вкусом курицы 90г,475,275,225,1,0.0294,0.03,3.0,Европаллета
448,data_for_algoritm_15481.json,А279,4700,2330,1830,1,20.0403,20.04,390.0,Фура 13.6 м
449,data_for_algoritm_16799.json,6,1200,800,1250,32,1.2,38.4,11.52,Фура 13.6 м
450,data_for_algoritm_17198.json,28. (R05W) Упаковка ограждений на крыше,870,60,745,1,0.0389,0.04,9.0,Европаллета
451,data_for_algoritm_16878.json,А21,1100,950,1100,1,1.1495,1.15,350.0,Европаллета
452,data_for_algoritm_15503.json,А130,1800,1600,2000,1,5.76,5.76,780.0,Фургон
453,data_for_algoritm_15451.json,"Напол-ль дктуал 365 ДНЕЙ древ 6,5л 4кг",470,220,100,7,0.0103,0.07,28.0,Европаллета
454,data_for_algoritm_11834.json,91,346,160,144,1,0.008,0.01,1.8,Европаллета
455,data_for_algoritm_15328.json,1.6,1400,1000,350,1,0.49,0.49,150.0,Европаллета
456,data_for_algoritm_16902.json,Напит ба ЧЕРНОГОЛОВКА Дюшес сгаз.2L,315,210,349,1,0.0231,0.02,12.0,Европаллета
457,data_for_algoritm_15483.json,А285,5040,2340,1260,1,14.8599,14.86,1000.0,Фургон
458,data_for_algoritm_15469.json,Сахар 1кг,400,250,140,12,0.014,0.17,120.36,Европаллета
459,data_for_algoritm_17219.json,25. (R13D) Упаковка подвесного потолка,1680,810,315,1,0.4287,0.43,60.0,Европаллета
460,data_for_algoritm_17091.json,Г,4300,1500,1300,3,8.385,25.16,2100.0,Фура 13.6 м
461,data_for_algoritm_15159.json,Корм дкош KITEKAT вк говяд в желе 85г,385,98,143,1,0.0054,0.01,1.0,Европаллета
462,data_for_algoritm_15503.json,А215,4500,900,1225,1,4.9612,4.96,377.0,Фургон
463,data_for_algoritm_15403.json,Лапша ЛЕНТА крахмальная Фунчоза 200г,380,253,237,1,0.0228,0.02,4.46,Европаллета
464,data_for_algoritm_17077.json,24.1. Упаковка зеркал,1200,1390,70,1,0.1168,0.12,30.0,Европаллета
465,data_for_algoritm_15406.json,Корм дкош WHISKAS микс сл.соус курут75,385,98,143,1,0.0054,0.01,2.33,Европаллета
466,data_for_algoritm_17091.json,Д,3750,750,500,3,1.4062,4.22,1710.0,Фургон
467,data_for_algoritm_17289.json,10,1750,1650,680,1,1.9635,1.96,510.0,Фургон
468,data_for_algoritm_16178.json,26300570 Connect Space bar 2450mm,2520,100,80,1,0.0202,0.02,11.0,Европаллета
469,data_for_algoritm_16959.json,п,530,600,170,1,0.0541,0.05,3.0,Европаллета
470,data_for_algoritm_17211.json,8. (R13D) Упаковка электропроводки №3,1290,530,660,1,0.4512,0.45,60.0,Европаллета
471,data_for_algoritm_16902.json,"Пр йогур НЕЖНЫЙ Легкий 0,1% сок перс 95г",400,260,70,1,0.0073,0.01,2.57,Европаллета
472,data_for_algoritm_16988.json,Коробы 3,580,350,170,3,0.0345,0.1,3.0,Европаллета
473,data_for_algoritm_15454.json,Дп пюре ФРУТОНЯНЯ яблчернпеченье 90г,415,75,185,1,0.0058,0.01,1.25,Европаллета
474,data_for_algoritm_17143.json,Арахис,280,240,165,27,0.0111,0.3,81.0,Европаллета
475,data_for_algoritm_17022.json,балясина 8,900,250,100,5,0.0225,0.11,5.0,Европаллета
476,data_for_algoritm_15567.json,Сливки BONVIDA стер пит порц 10% 1010г,350,210,113,1,0.0083,0.01,2.38,Европаллета
477,data_for_algoritm_15503.json,А183,3400,2200,1250,1,9.35,9.35,927.0,Фургон
478,data_for_algoritm_15828.json,JamLab 6C,520,290,290,9,0.0437,0.39,67.5,Европаллета
479,data_for_algoritm_17223.json,1,520,520,330,20,0.0892,1.78,34.0,Фургон
480,data_for_algoritm_17173.json,УПАКОВКА ГРУЗОВ ПРОТИВОВЕСА,800,1000,140,3,0.112,0.34,3000.0,Фургон
481,data_for_algoritm_15503.json,А52,1100,800,425,1,0.374,0.37,85.0,Европаллета
482,data_for_algoritm_15785.json,RM600AMKII-R,740.0,430.0,400.0,5.0,0.1273,0.64,91.0,Европаллета
483,data_for_algoritm_16954.json,КРАБ-Т 50 new,545,540,370,60,0.1089,6.53,606.0,Фургон
484,data_for_algoritm_15216.json,46,155,104,115,3,0.0019,0.01,1.58,Европаллета
485,data_for_algoritm_15950.json,4,2700,2300,2500,1,15.525,15.53,1.3,Фургон
486,data_for_algoritm_15489.json,А329,6320,3340,760,1,16.0427,16.04,2.96,Спецтранспорт
487,data_for_algoritm_15613.json,M300MKII,650,380,520,3,0.1284,0.39,88.5,Европаллета
488,data_for_algoritm_16328.json,лента,2300,1500,1300,1,4.485,4.49,600.0,Фургон
489,data_for_algoritm_16181.json,e,1380,920,770,4,0.9776,3.91,640.0,Фургон
490,data_for_algoritm_17366.json,Гофрокороб N9 (580х380х265),1326,966,2095,2,2.6835,5.37,500.0,Фургон
491,data_for_algoritm_15216.json,97,263,87,144,5,0.0033,0.02,2.51,Европаллета
492,data_for_algoritm_15435.json,Akusto™ Wall A Texona. Master B,2740,1230,2370,3,7.9874,23.96,4.08,Фура 13.6 м
493,data_for_algoritm_15452.json,Печенье ЮБИЛЕЙНОЕ Витам.традиционное268г,240,570,180,1,0.0246,0.02,7.03,Европаллета
494,data_for_algoritm_15489.json,А170,3050,3140,3150,1,30.1675,30.17,1.79,Спецтранспорт
495,data_for_algoritm_16792.json,10,1020,1320,1620,1,2.1812,2.18,322.0,Фургон
496,data_for_algoritm_15453.json,"Пиво св ОХОТА Крепкое паст8,1% ПЭТ 1.25L",250,250,340,1,0.0213,0.02,12.4,Европаллета
497,data_for_algoritm_15483.json,А205,3400,2150,1080,1,7.8948,7.89,1.27,Фургон
498,data_for_algoritm_15173.json,4,1150,550,770,1,0.487,0.49,27.0,Европаллета
499,data_for_algoritm_16899.json,Тараллини NINA FARINA классические180г,380,290,160,1,0.0176,0.02,4.77,Европаллета
500,data_for_algoritm_16881.json,А61,1200,1100,800,1,1.056,1.06,450.0,Европаллета
501,data_for_algoritm_16249.json,система для напольного,780,540,1205,1,0.5075,0.51,120.0,Европаллета
502,data_for_algoritm_17369.json,Гофрокороб N1 (600х380х500),1200,908,2095,3,2.2827,6.85,750.0,Фургон
503,data_for_algoritm_17096.json,Гидроаккумулятор ГПк 24,300,280,460,110,0.0386,4.25,495.0,Фургон
504,data_for_algoritm_16899.json,Шоколад MILKA с мол и карам нач300г,198,295,95,1,0.0055,0.01,4.08,Европаллета
505,data_for_algoritm_15161.json,1,1570,1050,1370,1,2.2584,2.26,231.0,Фургон
506,data_for_algoritm_15483.json,А88,1660,970,1660,1,2.6729,2.67,521.0,Фургон
507,data_for_algoritm_16900.json,Бумага туал PAPIA Сикрет Гарден 3-сл 8шт,780,400,190,1,0.0593,0.06,5.0,Европаллета
508,data_for_algoritm_16846.json,А64,1200,900,700,1,0.756,0.76,350.0,Европаллета
509,data_for_algoritm_14784.json,Колбаса любительская,400,200,200,16,0.016,0.26,160.0,Европаллета
510,data_for_algoritm_16783.json,Д,4300,1500,1300,3,8.385,25.16,2100.0,Фура 13.6 м
511,data_for_algoritm_17169.json,УПАКОВКА ГРАНИТНОГО ПОЛА,1170,1010,265,3,0.3132,0.94,3.0,Европаллета
512,data_for_algoritm_11834.json,97,263,87,144,5,0.0033,0.02,2.51,Европаллета
513,data_for_algoritm_16554.json,Компрессор,1200,600,800,1,0.576,0.58,300.0,Европаллета
514,data_for_algoritm_16018.json,БС 850.950,1200,1100,2000,2,2.64,5.28,400.0,Фургон
515,data_for_algoritm_16846.json,А72,1200,1100,800,1,1.056,1.06,400.0,Европаллета
516,data_for_algoritm_16900.json,Конфеты SNICKERS АРАХНУГАКАРАМ ВЕС,400,300,204,1,0.0245,0.02,7.6,Европаллета
517,data_for_algoritm_17363.json,Г,3750,750,500,3,1.4062,4.22,1710.0,Фургон
518,data_for_algoritm_17375.json,Гофрокороб N23 (565х380х495),1200,883,2095,2,2.2199,4.44,500.0,Фургон
519,data_for_algoritm_15483.json,А313,5040,1640,1260,1,10.4147,10.41,1.44,Фургон
520,data_for_algoritm_17175.json,УПАКОВКА ЛЕБЕДКИ,870,1050,1200,3,1.0962,3.29,1470.0,Фургон
521,data_for_algoritm_15483.json,А295,5040,1640,1260,1,10.4147,10.41,1.19,Фургон
522,data_for_algoritm_15624.json,DIVA 8.3,1200.0,480.0,530.0,1.0,0.3053,0.31,38.0,Европаллета
523,data_for_algoritm_16952.json,Клапан обратный 1  (латунное седло),100,60,230,510,0.0014,0.7,1456.56,Фургон
524,data_for_algoritm_14975.json,ПП-2.1,7660,1285,60,1,0.5906,0.59,295.0,Европаллета
525,data_for_algoritm_16846.json,А54,1200,900,800,1,0.864,0.86,330.0,Европаллета
526,data_for_algoritm_16328.json,Камнеот,2600,1800,2300,1,10.764,10.76,900.0,Фургон
527,data_for_algoritm_16881.json,А7,1000,1400,100,1,0.14,0.14,885.0,Европаллета
528,data_for_algoritm_15456.json,Смесь на 2е MAGGI дмакарон Болон 30г,120,132,156,1,0.0025,0.0,0.48,Европаллета
529,data_for_algoritm_17096.json,Насос поверхностный «ДЖАМБО» 70 50 П,185,220,450,8,0.0183,0.15,81.6,Европаллета
530,data_for_algoritm_15405.json,Корм дкош WHISKAS Желе с кур и инд 75г,385,98,143,2,0.0054,0.01,4.65,Европаллета
531,data_for_algoritm_14974.json,ПС-6,1300,282,100,1,0.0367,0.04,18.3,Европаллета
532,data_for_algoritm_16847.json,А47,1200,800,1000,1,0.96,0.96,1.1,Европаллета
533,data_for_algoritm_14974.json,ПС-9,3952,2375,100,1,0.9386,0.94,388.5,Европаллета
534,data_for_algoritm_15216.json,152,199,148,216,20,0.0064,0.13,242.28,Европаллета
535,data_for_algoritm_16931.json,подгуз1,660,330,450,212,0.098,20.78,2544.0,Фура 13.6 м
536,data_for_algoritm_15411.json,А12,900,900,1000,1,0.81,0.81,130.0,Европаллета
537,data_for_algoritm_17080.json,26.1. Упаковка обрамлений,2200,380,455,1,0.3804,0.38,50.0,Европаллета
538,data_for_algoritm_15481.json,А71,1640,1640,1260,1,3.3889,3.39,410.0,Фургон
539,data_for_algoritm_15159.json,Корм дкош WHISKAS слив.соус лоскрев 75,385,98,143,1,0.0054,0.01,1.0,Европаллета
540,data_for_algoritm_15568.json,Вода ЧЕРНОГОЛОВКА Артез негаз. ПЭТ 1.5L,260,160,315,1,0.0131,0.01,9.2,Европаллета
541,data_for_algoritm_16222.json,G35421506 Ecophon Focus Ds XL 2400x600x20mm non-standard NCS color,2460,1270,2340,4,7.3106,29.24,86.4,Фура 13.6 м
542,data_for_algoritm_15483.json,А167,3050,3140,3150,1,30.1675,30.17,1.79,Спецтранспорт
543,data_for_algoritm_17074.json,23. Упаковка стояков кабины ограждения противовеса,3000,100,100,1,0.03,0.03,30.0,Европаллета
544,data_for_algoritm_16222.json,G35421501 Ecophon Focus Ds 1200х600х20mm (10720),1280,1220,2400,1,3.7478,3.75,17.0,Фургон
545,data_for_algoritm_16332.json,Шлифовки,2300,850,2300,6,4.4965,26.98,4680.0,Фура 13.6 м
546,data_for_algoritm_15834.json,JamLab 6C,520,290,290,9,0.0437,0.39,67.5,Европаллета
547,data_for_algoritm_16901.json,Квас РУССКИЙ ДАР Традиционный 0.5L,265,200,230,1,0.0122,0.01,6.51,Европаллета
548,data_for_algoritm_15535.json,M806A,1410,870,510,1,0.6256,0.63,61.4,Европаллета
549,data_for_algoritm_15216.json,118,256,166,177,1,0.0075,0.01,3.56,Европаллета
550,data_for_algoritm_17103.json,А18,2890,2290,1280,1,8.4712,8.47,3.12,Фургон
551,data_for_algoritm_14781.json,коробка,200,100,70,500,0.0014,0.7,250.0,Европаллета
552,data_for_algoritm_15159.json,Соус MIVIMEX Чили кавказский 200г,238,143,198,1,0.0067,0.01,1.0,Европаллета
553,data_for_algoritm_16546.json,7,700,600,1325,1,0.5565,0.56,260.0,Европаллета
554,data_for_algoritm_15486.json,Сок САДЫ ПРИДОНЬЯ Яблочный прям отж1L,372,140,253,1,0.0132,0.01,12.12,Европаллета
555,data_for_algoritm_15211.json,1,1200,800,900,1,0.864,0.86,180.0,Европаллета
556,data_for_algoritm_15079.json,корпус5,960,480,220,1,0.1014,0.1,40.0,Европаллета
557,data_for_algoritm_14975.json,ПС-5.7,4558,2810,60,1,0.7685,0.77,55.0,Спецтранспорт
558,data_for_algoritm_15503.json,А184,3400,2200,1250,1,9.35,9.35,927.0,Фургон
559,data_for_algoritm_15482.json,Сок ЛЕНТА гранатовый прямой отжим 1L,390,190,240,1,0.0178,0.02,12.0,Европаллета
560,data_for_algoritm_14798.json,ЛИДСКИЙ Квас ТЕМНЫЙ ПЭТ 1.5л,190,290,330,1000,0.0182,18.18,4000.0,Фургон
561,data_for_algoritm_15453.json,"Пиво св ОХОТА крепкое паст 8,1%жб 0.43L",255,387,171,1,0.0169,0.02,11.28,Европаллета
562,data_for_algoritm_15503.json,А41,1000,800,525,1,0.42,0.42,82.0,Европаллета
563,data_for_algoritm_15404.json,Тбумага FAMILIA Plus Волшеб цв 2-сл 4шт,810,370,195,1,0.0584,0.06,4.6,Европаллета
564,data_for_algoritm_17108.json,2,2520,1720,920,1,3.9876,3.99,880.0,Фургон
565,data_for_algoritm_15402.json,Жмыло Я САМАЯ Масло Арганы 500мл,430,200,280,1,0.0241,0.02,6.8,Европаллета
566,data_for_algoritm_15483.json,А271,4350,3250,3200,1,45.24,45.24,6.11,Спецтранспорт
567,data_for_algoritm_17095.json,В,1600,1100,850,12,1.496,17.95,1320.0,Фургон
568,data_for_algoritm_15567.json,Пиво св BUD пастер. алк.5% ст. 0.44L,335,270,255,1,0.0231,0.02,14.6,Европаллета
569,data_for_algoritm_16653.json,ФАНКОИЛ 144.154,1600,1200,1900,2,3.648,7.3,400.0,Фургон
570,data_for_algoritm_15457.json,Вода пит. СЕНЕЖСКАЯ прир. нгаз. 1.5L,340,156,235,1,0.0125,0.01,9.36,Европаллета
571,data_for_algoritm_15456.json,Вода пит СВЯТОЙ ИСТОЧНИК нгаз 5L ПЭТ,306,154,320,2,0.0151,0.03,20.68,Европаллета
572,data_for_algoritm_16162.json,26300900 Connect Angle Bracket,143,105,107,1,0.0016,0.0,0.4,Европаллета
573,data_for_algoritm_14949.json,JamLab 6,1070,320,430,9,0.1472,1.33,217.8,Европаллета
574,data_for_algoritm_16162.json,G35433422 Flexiform Atechwool 2000x600x30,2280,1220,2310,1,6.4255,6.43,6.0,Фургон
575,data_for_algoritm_16690.json,"Редуктор 228D (сланцево-серый RAL 7015) в сборе 
Шкив ременной передачи 5-ти ручьевой типа «С» диаметром 36 дюймов
(сланцево-серый RAL 7015) 
Барабанная тормозная система, установленная на редуктор",1650,1760,980,178,2.8459,506.57,569.6,Спецтранспорт
576,data_for_algoritm_16847.json,А90,1300,900,1000,1,1.17,1.17,500.0,Европаллета
577,data_for_algoritm_15481.json,А343,10230,2830,3460,1,100.1701,100.17,5.55,Спецтранспорт
578,data_for_algoritm_15216.json,22,142,95,182,2,0.0025,0.0,1.66,Европаллета
579,data_for_algoritm_15503.json,А111,1750,1150,675,1,1.3584,1.36,508.0,Европаллета
580,data_for_algoritm_15323.json,SAP6600600335,920,770,280,1,0.1984,0.2,110.0,Европаллета
581,data_for_algoritm_16060.json,3,6000,600,600,1,2.16,2.16,1.5,Фургон
582,data_for_algoritm_15403.json,Мк говядина СКОПИНСКИЙ туш вс ГОСТ 325,210,310,170,1,0.0111,0.01,7.1,Европаллета
583,data_for_algoritm_15079.json,корпус3,1800,720,180,1,0.2333,0.23,38.0,Европаллета
584,data_for_algoritm_16514.json,JamLab 6C,520.0,290.0,290.0,8.0,0.0437,0.35,60.0,Европаллета
585,data_for_algoritm_17292.json,А9,600,500,500,1,0.15,0.15,13.0,Европаллета
586,data_for_algoritm_16929.json,подгуз1,660,330,450,100,0.098,9.8,1200.0,Фургон
587,data_for_algoritm_16668.json,22,2213,132,395,1,0.1154,0.12,100.0,Европаллета
588,data_for_algoritm_15211.json,q,120,800,540,1,0.0518,0.05,135.0,Европаллета
589,data_for_algoritm_17212.json,18. (R13D) Упаковка контроллера,2080,360,430,1,0.322,0.32,30.0,Европаллета
590,data_for_algoritm_16404.json,Азия,1100,1000,2445,3,2.6895,8.07,450.0,Фургон
591,data_for_algoritm_13580.json,Колбаса краковская,300,300,200,11,0.018,0.2,110.0,Европаллета
592,data_for_algoritm_16900.json,Дп сок ЧЕРНОГОЛОВКА БЭЙБИ ябл. осв200мл,360,160,123,1,0.0071,0.01,6.0,Европаллета
593,data_for_algoritm_17176.json,УПАКОВКА ПОДСТАВОК ПОД КАБИНУ И ПРОТИВОВЕС,1290,530,660,2,0.4512,0.9,200.0,Европаллета
594,data_for_algoritm_15327.json,1.9,1500,1000,1800,1,2.7,2.7,290.0,Фургон
595,data_for_algoritm_16952.json,Насос-автомат «ВИХРЕВИК» 40 40 Ч-14,255,475,430,10,0.0521,0.52,99.0,Европаллета
596,data_for_algoritm_16596.json,Calaf,540,420,340,4,0.0771,0.31,40.0,Европаллета
597,data_for_algoritm_17079.json,22. Упаковка направляющих противовеса и кабины,5000,300,250,3,0.375,1.12,12.0,Европаллета
598,data_for_algoritm_15453.json,Сок САДЫ ПРИДОНЬЯ Яблочный прям отж1L,372,140,253,1,0.0132,0.01,12.12,Европаллета
599,data_for_algoritm_16952.json,Ключ монтажный 20 66,92,392,96,5,0.0035,0.02,3.4,Европаллета
600,data_for_algoritm_15469.json,Сахарная пудра ЛЕНТА 250г,397,115,147,1,0.0067,0.01,3.92,Европаллета
601,data_for_algoritm_17226.json,3,500,500,1000,15,0.25,3.75,150.0,Фургон
602,data_for_algoritm_15603.json,PAREP08L59704,600,122,122,1,0.0089,0.01,2.31,Европаллета
603,data_for_algoritm_17363.json,Д,4300,1500,1300,3,8.385,25.16,2100.0,Фура 13.6 м
604,data_for_algoritm_17172.json,УПАКОВКА ЭЛЕКТРОПРОВОДКИ №3,1290,530,660,3,0.4512,1.35,180.0,Европаллета
605,data_for_algoritm_17094.json,В,1600,1100,850,12,1.496,17.95,1320.0,Фургон
606,data_for_algoritm_16952.json,Клапан обратный 32,400,150,350,100,0.021,2.1,280.0,Фургон
607,data_for_algoritm_15592.json,Connect Absorber anchor,260,170,35,1,0.0015,0.0,17.0,Европаллета
608,data_for_algoritm_16218.json,G35421504 Ecophon Focus Ds XL 1800x600x20mm Write Frost,2280,1290,2310,1,6.7942,6.79,14.0,Фургон
609,data_for_algoritm_15503.json,А155,2800,1800,1150,1,5.796,5.8,1.01,Фургон
610,data_for_algoritm_15216.json,196,260,186,202,2,0.0098,0.02,7.18,Европаллета
611,data_for_algoritm_15915.json,Вода мин. ЛЕНТА №17 газ. 1.5L,275,180,350,1,0.0173,0.02,9.14,Европаллета
612,data_for_algoritm_17030.json,Емкость,4710,2300,2500,1,27.0825,27.08,1.44,Фура 13.6 м
613,data_for_algoritm_15503.json,А128,1800,1600,2000,1,5.76,5.76,780.0,Фургон
614,data_for_algoritm_17093.json,Д,4400,1600,1300,6,9.152,54.91,4200.0,Спецтранспорт
615,data_for_algoritm_16330.json,лента,2300,1500,1300,1,4.485,4.49,600.0,Фургон
616,data_for_algoritm_14974.json,ПС-36,2255,2400,100,1,0.5412,0.54,231.45,Европаллета
617,data_for_algoritm_17198.json,27. Упаковка компенсирующих цепей,740,600,430,1,0.1909,0.19,200.0,Европаллета
618,data_for_algoritm_16220.json,G35433420 Flexiform Atechwool 1200x600x30,2280,1220,2350,1,6.5368,6.54,6.0,Фургон
619,data_for_algoritm_15481.json,А73,1640,1640,1260,1,3.3889,3.39,410.0,Фургон
620,data_for_algoritm_17175.json,УПАКОВКА ГРАНИТНОГО ПОЛА,1170,1010,265,3,0.3132,0.94,3.0,Европаллета
621,data_for_algoritm_15483.json,А175,3210,3130,3160,1,31.7495,31.75,2.31,Спецтранспорт
622,data_for_algoritm_16575.json,траки тянущего,2500,1200,500,1,1.5,1.5,400.0,Европаллета
623,data_for_algoritm_15567.json,Печенье ЛЕНТА Венское 500г,200,153,60,2,0.0018,0.0,1.08,Европаллета
624,data_for_algoritm_16395.json,палета,1200,800,1800,70,1.728,120.96,14000.0,Спецтранспорт
625,data_for_algoritm_15915.json,Печенье бисквЛЕНТА с жел.нач.клубники137,380,285,162,1,0.0175,0.02,3.79,Европаллета
626,data_for_algoritm_15823.json,M806A,1410,870,510,1,0.6256,0.63,61.4,Европаллета
627,data_for_algoritm_11834.json,167,297,166,265,3,0.0131,0.04,52.96,Европаллета
628,data_for_algoritm_17218.json,17. (R13D) Упаковка лебедки,870,1050,1200,2,1.0962,2.19,980.0,Фургон
629,data_for_algoritm_15481.json,А224,4040,2340,1260,1,11.9115,11.91,1.3,Фургон
630,data_for_algoritm_15216.json,179,324,196,311,2,0.0197,0.04,33.42,Европаллета
631,data_for_algoritm_15503.json,А87,1600,1000,1100,1,1.76,1.76,1.11,Фургон
632,data_for_algoritm_15503.json,А70,1450,1200,275,1,0.4785,0.48,120.0,Европаллета
633,data_for_algoritm_17168.json,УПАКОВКА КАНАТОВ,600,600,500,2,0.18,0.36,160.0,Европаллета
634,data_for_algoritm_17176.json,УПАКОВКА ПАНЕЛИ COP,2380,660,545,2,0.8561,1.71,240.0,Фургон
635,data_for_algoritm_17022.json,ступ,1000,300,80,114,0.024,2.74,114.0,Фургон
636,data_for_algoritm_14770.json,3,970,2090,920,2,1.8651,3.73,704.0,Фургон
637,data_for_algoritm_15217.json,99,232,147,150,1,0.0051,0.01,16.83,Европаллета
638,data_for_algoritm_15983.json,D300,630,400,450,1,0.1134,0.11,20.0,Европаллета
639,data_for_algoritm_15483.json,А330,6320,3340,760,1,16.0427,16.04,2.96,Спецтранспорт
640,data_for_algoritm_16881.json,А8,1000,1400,1700,1,2.38,2.38,666.0,Фургон
641,data_for_algoritm_15503.json,А119,1750,1150,675,1,1.3584,1.36,508.0,Европаллета
642,data_for_algoritm_16124.json,G35421501 Focus Ds 600x600,1280,1220,2400,8,3.7478,29.98,136.0,Фура 13.6 м
643,data_for_algoritm_16657.json,Механизм перемещения противовесов (сланцево-серый RAL 7015),1200,1200,50,93,0.072,6.7,6510.0,Фура 13.6 м
644,data_for_algoritm_17108.json,7,3530,1000,800,1,2.824,2.82,450.0,Фургон
645,data_for_algoritm_17288.json,3,1080,820,1230,1,1.0893,1.09,220.0,Европаллета
646,data_for_algoritm_16437.json,Коробка 2,561,380,120,500,0.0256,12.79,6000.0,Фура 13.6 м
647,data_for_algoritm_16902.json,Пакет ЛЕНТА 12кг,300,300,200,1,0.018,0.02,11.5,Европаллета
648,data_for_algoritm_16248.json,Стенд,1000,1100,2150,1,2.365,2.37,150.0,Фургон
649,data_for_algoritm_16554.json,чиллер,600,400,500,1,0.12,0.12,30.0,Европаллета
650,data_for_algoritm_17074.json,6.2. Упаковка клеммной коробки,616,362,320,1,0.0714,0.07,20.0,Европаллета
651,data_for_algoritm_15612.json,DIVA 8.3,1200,480,530,2,0.3053,0.61,76.0,Европаллета
652,data_for_algoritm_16130.json,G35597480 Gedina A T15T24 NE 600x600x15,1220,1220,2600,1,3.8698,3.87,18.0,Фургон
653,data_for_algoritm_15523.json,RM800F,1420,720,600,2,0.6134,1.23,96.0,Европаллета
654,data_for_algoritm_15487.json,Нап греч NEMOLOKO Лайт калвит В2 1000мл,225,165,252,1,0.0094,0.01,6.41,Европаллета
655,data_for_algoritm_15403.json,Корм дкош WHISKAS Рагу с ягненком 7+75г,385,98,143,2,0.0054,0.01,4.65,Европаллета
656,data_for_algoritm_15481.json,А249,4170,3360,2700,1,37.8302,37.83,3.06,Спецтранспорт
657,data_for_algoritm_16176.json,26338111 Connect T24 Corridor profile 1600mm,1650,110,95,1,0.0172,0.02,6.0,Европаллета
658,data_for_algoritm_15403.json,Корм дкош WHISKAS Желе с лососем 75г,385,98,143,1,0.0054,0.01,2.33,Европаллета
659,data_for_algoritm_17340.json,475х370х785,1200,870,2335,16,2.4377,39.0,16.0,Фура 13.6 м
660,data_for_algoritm_15481.json,А127,2300,460,370,1,0.3915,0.39,149.0,Европаллета
661,data_for_algoritm_15481.json,А232,4040,2340,1260,1,11.9115,11.91,1000.0,Фургон
662,data_for_algoritm_15483.json,А245,4040,2040,1260,1,10.3844,10.38,1.8,Фургон
663,data_for_algoritm_17173.json,УПАКОВКА ПОДВЕСНОГО ПОТОЛКА,2200,380,455,3,0.3804,1.14,150.0,Европаллета
664,data_for_algoritm_15823.json,RM600AMKII-R,740,430,400,5,0.1273,0.64,91.0,Европаллета
665,data_for_algoritm_17242.json,1,3980,570,570,2,1.2931,2.59,2.6,Фургон
666,data_for_algoritm_15916.json,Н-р дбокса ACTIWELL Mini box set,800,420,530,1,0.1781,0.18,14.0,Европаллета
667,data_for_algoritm_15317.json,Сок,1200,1000,1170,28,1.404,39.31,28000.0,Спецтранспорт
668,data_for_algoritm_15481.json,А274,4700,2330,1830,1,20.0403,20.04,390.0,Фура 13.6 м
669,data_for_algoritm_16003.json,Зеркало Гримерное напольное черное 600х1750 (20 ламп),50,680,1830,2,0.0622,0.12,33.0,Европаллета
670,data_for_algoritm_15487.json,Пиво св BUD пастер. алк.5% ст. 0.44L,335,270,255,1,0.0231,0.02,14.6,Европаллета
671,data_for_algoritm_16593.json,PM-11,700,680,380,1,0.1809,0.18,10.0,Европаллета
672,data_for_algoritm_15481.json,А33,690,340,240,1,0.0563,0.06,25.0,Европаллета
673,data_for_algoritm_16066.json,2-2,480,260,20,2,0.0025,0.0,24.0,Европаллета
674,data_for_algoritm_14457.json,К55 216 ДУБ СФР,2200,175,250,10,0.0963,0.96,160.0,Европаллета
675,data_for_algoritm_15405.json,Зефир ШАРМЭЛЬ с ароматом ванили 255г,400,300,193,1,0.0232,0.02,3.84,Европаллета
676,data_for_algoritm_15762.json,RM600AMKII-R,740,430,400,5,0.1273,0.64,91.0,Европаллета
677,data_for_algoritm_15083.json,РУССКИЙ УЗОР Квас ЛЕТНИЙ фил.паст.2.5л,220,210,359,40,0.0166,0.66,200.0,Европаллета
678,data_for_algoritm_15160.json,"Напиток коф NESCAFE 3в1 Классический14,5",400,300,180,1,0.0216,0.02,1.0,Европаллета
679,data_for_algoritm_15980.json,JamLab 8,1180,370,480,1,0.2096,0.21,33.0,Европаллета
680,data_for_algoritm_17176.json,УПАКОВКА КУПЕ КАБИНЫ,2380,660,545,2,0.8561,1.71,560.0,Фургон
681,data_for_algoritm_15323.json,SAP6600600335,300,190,160,1,0.0091,0.01,0.4,Европаллета
682,data_for_algoritm_11834.json,201,356,186,205,1,0.0136,0.01,5.15,Европаллета
683,data_for_algoritm_15929.json,G35597480 Gedina A T15T24 NE,1200,1200,500,1,0.72,0.72,2.0,Европаллета
684,data_for_algoritm_17102.json,1,1100,1100,1500,24,1.815,43.56,2400.0,Фура 13.6 м
685,data_for_algoritm_17170.json,УПАКОВКА ГРАНИТНОГО ПОЛА,1170,1010,265,3,0.3132,0.94,3.0,Европаллета
686,data_for_algoritm_16954.json,Элемент фильтрующий ЭФГ 112 508-10мкм (20 ББ),350,520,560,60,0.1019,6.12,660.0,Фургон
687,data_for_algoritm_16396.json,узп верх,1030,1030,1550,2,1.6444,3.29,700.0,Фургон
688,data_for_algoritm_15481.json,А114,1830,390,470,1,0.3354,0.34,193.0,Европаллета
689,data_for_algoritm_15159.json,Томатная паста ПОМИДОРКА 270г,340,135,100,1,0.0046,0.0,1.0,Европаллета
690,data_for_algoritm_15535.json,DIVA 6.3F,510,390,330,4,0.0656,0.26,22.8,Европаллета
691,data_for_algoritm_17169.json,УПАКОВКА ПОДСТАВОК ПОД КАБИНУ И ПРОТИВОВЕС,1290,460,660,3,0.3916,1.17,300.0,Европаллета
692,data_for_algoritm_15402.json,Печенье ЛЕНТА Хрустики 500г,200,153,60,2,0.0018,0.0,1.1,Европаллета
693,data_for_algoritm_15174.json,21,7350,1910,2920,1,40.9924,40.99,4.3,Спецтранспорт
694,data_for_algoritm_16878.json,А39,1100,950,1100,1,1.1495,1.15,380.0,Европаллета
695,data_for_algoritm_17195.json,УПАКОВКА КОНТРОЛЛЕРА,2080,360,430,1,0.322,0.32,30.0,Европаллета
696,data_for_algoritm_15215.json,К55 216 ДУБ СФР,3000,175,250,50,0.1313,6.56,500.0,Фургон
697,data_for_algoritm_15160.json,Хлопья ГЕРКУЛЕС Овсяные 420г,388,252,195,1,0.0191,0.02,1.0,Европаллета
698,data_for_algoritm_15452.json,"Молоко ЛЕНТА уп пит топлен 3,2% 950мл",301,236,224,1,0.0159,0.02,12.0,Европаллета
699,data_for_algoritm_15452.json,Дп вода ФРУТОНЯНЯ артезианская 5л,300,150,360,1,0.0162,0.02,10.24,Европаллета
700,data_for_algoritm_15216.json,172,360,122,174,1,0.0076,0.01,0.86,Европаллета
701,data_for_algoritm_15503.json,А199,4000,1600,1150,1,7.36,7.36,1.32,Фургон
702,data_for_algoritm_15403.json,Конфеты РОТ ФРОНТ Халва ВЕС,330,245,150,1,0.0121,0.01,6.3,Европаллета
703,data_for_algoritm_16899.json,Томатная паста GREEN RAY Ящ Астр пом205г,360,120,100,1,0.0043,0.0,4.07,Европаллета
704,data_for_algoritm_15486.json,Какао-нап ХРУТКА быстрораств. му 250г,235,196,112,1,0.0052,0.01,1.69,Европаллета
705,data_for_algoritm_17233.json,тортница,300,300,530,6,0.0477,0.29,30.0,Европаллета
706,data_for_algoritm_17028.json,F,1600,80,840,1,0.1075,0.11,180.0,Европаллета
707,data_for_algoritm_16959.json,сп,770,310,510,3,0.1217,0.37,30.0,Европаллета
708,data_for_algoritm_16014.json,3,260,1450,360,10,0.1357,1.36,1540.0,Фургон
709,data_for_algoritm_16932.json,Деревянный ящик 1,1000,700,600,1,0.42,0.42,110.0,Европаллета
710,data_for_algoritm_16092.json,G35597480 Gedina A T15T24 NE 600x600x15,1220,1220,2600,1,3.8698,3.87,18.0,Фургон
711,data_for_algoritm_15161.json,35,2650,2450,1980,1,12.8552,12.86,1.44,Фургон
712,data_for_algoritm_15217.json,200,260,186,202,2,0.0098,0.02,89.43,Европаллета
713,data_for_algoritm_15483.json,А104,1830,390,470,1,0.3354,0.34,193.0,Европаллета
714,data_for_algoritm_15483.json,А157,2540,1640,1260,1,5.2487,5.25,550.0,Фургон
715,data_for_algoritm_15571.json,Какао-напиток 365 ДНЕЙ растворимый 100г,310,256,160,1,0.0127,0.01,2.8,Европаллета
716,data_for_algoritm_15216.json,107,236,171,142,2,0.0057,0.01,3.85,Европаллета
717,data_for_algoritm_15454.json,Лапша DOSHIRAK Чан Рамен с остр гов 120г,385,285,135,1,0.0148,0.01,2.73,Европаллета
718,data_for_algoritm_15503.json,А62,1400,900,725,1,0.9135,0.91,235.0,Европаллета
719,data_for_algoritm_15458.json,Дез-т-антип NIVEA Нев Защ Черн Бел Спрей,278,98,190,1,0.0052,0.01,1.69,Европаллета
720,data_for_algoritm_15216.json,6,159,108,146,1,0.0025,0.0,0.84,Европаллета
721,data_for_algoritm_15454.json,Вода мин.BORJOMI Боржоми пит.леч.ст.0.5L,275,207,240,1,0.0137,0.01,9.7,Европаллета
722,data_for_algoritm_11834.json,44,180,57,117,1,0.0012,0.0,0.48,Европаллета
723,data_for_algoritm_16881.json,А76,1200,1100,800,1,1.056,1.06,400.0,Европаллета
724,data_for_algoritm_17103.json,А12,2844,2144,1322,1,8.0609,8.06,1.95,Фургон
725,data_for_algoritm_15978.json,D3.2C,740,380,330,1,0.0928,0.09,16.0,Европаллета
726,data_for_algoritm_15024.json,TMAK GIDA MAKİNELERİ A.Ş. - Kurabiye Makinesi 1,1000,1000,1950,1,1.95,1.95,250.0,Фургон
727,data_for_algoritm_15489.json,А174,3210,3130,3160,1,31.7495,31.75,2.31,Спецтранспорт
728,data_for_algoritm_15973.json,D300,630,400,450,1,0.1134,0.11,20.0,Европаллета
729,data_for_algoritm_15916.json,Изделие сдоб DELISSE Заряшки слоёные500г,261,194,100,1,0.0051,0.01,0.56,Европаллета
730,data_for_algoritm_17074.json,10. Упаковка оборудования МП...,1290,530,660,1,0.4512,0.45,160.0,Европаллета
731,data_for_algoritm_15215.json,К55 216 ДУБ СФР,2500,175,130,12,0.0569,0.68,192.0,Европаллета
732,data_for_algoritm_15489.json,А289,5040,3140,1260,1,19.9403,19.94,3.37,Спецтранспорт
733,data_for_algoritm_15571.json,Цикорий ЛЕНТА раств гранулир му150г,292,243,246,1,0.0175,0.02,2.2,Европаллета
734,data_for_algoritm_15481.json,А335,6550,3310,3010,1,65.2583,65.26,19.4,Спецтранспорт
735,data_for_algoritm_15402.json,Корм дстер.кош PERFECT FIT Гов соус 75г,385,98,143,1,0.0054,0.01,2.32,Европаллета
736,data_for_algoritm_17372.json,Гофрокороб N4 (600х380х300),1396,986,2095,1,2.8837,2.88,250.0,Фургон
737,data_for_algoritm_15486.json,Крупа гречневая МИСТРАЛЬ вс 900г,395,175,205,1,0.0142,0.01,11.1,Европаллета
738,data_for_algoritm_15452.json,Пиво св LOWENBRAU БокбКреп 8% ПЭТ 1.3L,280,200,340,1,0.019,0.02,8.15,Европаллета
739,data_for_algoritm_15571.json,"Напол-ль дктуал 365 ДНЕЙ древ 6,5л 4кг",470,220,100,1,0.0103,0.01,4.0,Европаллета
740,data_for_algoritm_15450.json,Мука MAKFA пшеничная вс 2кг,390,215,200,1,0.0168,0.02,12.03,Европаллета
741,data_for_algoritm_15160.json,Чипсы LAYS Сметана и лук 225г,586,386,271,2,0.0613,0.12,2.0,Европаллета
742,data_for_algoritm_15456.json,Драже M&MS С арахисом 360г,384,194,182,1,0.0136,0.01,5.48,Европаллета
743,data_for_algoritm_16140.json,2pfohs2l3a - 4,590,1140,1610,1,1.0829,1.08,1.05,Европаллета
744,data_for_algoritm_15975.json,JamLab 6R,490,280,380,1,0.0521,0.05,9.5,Европаллета
745,data_for_algoritm_16954.json,Насос-автомат «ДЖАМБО» 70 50 Н-50,360,600,670,30,0.1447,4.34,594.0,Фургон
746,data_for_algoritm_15404.json,Корм дкош WHISKAS микс рагу уткпеч 75г,385,98,143,1,0.0054,0.01,2.33,Европаллета
747,data_for_algoritm_17096.json,Насос погружной «ФЕКАЛЬНИК» 200 7 Н,180,220,340,5,0.0135,0.07,28.0,Европаллета
748,data_for_algoritm_16073.json,опал,3300,900,100,40,0.297,11.88,5520.0,Фура 13.6 м
749,data_for_algoritm_16878.json,А68,1200,800,1000,1,0.96,0.96,1.1,Европаллета
750,data_for_algoritm_15613.json,D3.2R,440,400,440,10,0.0774,0.77,135.0,Европаллета
751,data_for_algoritm_17203.json,ступень,3000,300,80,10,0.072,0.72,10.0,Европаллета
752,data_for_algoritm_17366.json,Гофрокороб N13 (560х345х420),1200,800,2095,1,2.0112,2.01,250.0,Фургон
753,data_for_algoritm_17198.json,18.1. Упаковка контроллера,2080,360,430,1,0.322,0.32,30.0,Европаллета
754,data_for_algoritm_16954.json,Насос погружной «ВОДОМЕТ» 40 50 ок,212,767,126,55,0.0205,1.13,484.0,Европаллета
755,data_for_algoritm_15216.json,94,236,171,142,3,0.0057,0.02,134.32,Европаллета
756,data_for_algoritm_16952.json,Гидроаккумулятор ВП 200 к,600,600,1100,1,0.396,0.4,31.8,Европаллета
757,data_for_algoritm_15510.json,RM600AMKII,1290,490,570,1,0.3603,0.36,33.6,Европаллета
758,data_for_algoritm_14951.json,Uhep,1500,800,2300,4,2.76,11.04,1400.0,Фургон
759,data_for_algoritm_15217.json,71,143,97,180,2,0.0025,0.0,1.66,Европаллета
760,data_for_algoritm_14808.json,груз 4,800,430,300,6,0.1032,0.62,48.0,Европаллета
761,data_for_algoritm_15602.json,PAREP08L59702,6000,1220,1220,1,8.9304,8.93,3.89,Фургон
762,data_for_algoritm_15469.json,"Пиво светлое ВАРИМ СУСЛО 4,9% ПЭТ 1.5L",345,230,218,1,0.0173,0.02,9.33,Европаллета
763,data_for_algoritm_17103.json,А21,3040,1642,1230,1,6.1398,6.14,2.52,Фургон
764,data_for_algoritm_17219.json,8. (R13D) Упаковка электропроводки №3,1290,530,660,1,0.4512,0.45,60.0,Европаллета
765,data_for_algoritm_16958.json,пм,640,640,880,1,0.3604,0.36,40.0,Европаллета
766,data_for_algoritm_15481.json,А67,1600,1500,1200,1,2.88,2.88,1000.0,Фургон
767,data_for_algoritm_16952.json,Мембрана 24 л. (EPDM),300,300,10,370,0.0009,0.33,116.18,Европаллета
